AcntNo,AcntName,CustomerNo,AcntType,Balance,AcntOpenDate,ActiveFg,AcntCloseFg,AcntCloseDate,AcntDormantFg
3770-1955,Fonsie Dwelly,1,30,52466,11/8/2020,FALSE,TRUE,3/18/2021,TRUE
9521-5391,Frieda Bemwell,2,30,85399,6/24/2021,FALSE,FALSE,,FALSE
9163-7958,Jard Danilin,3,10,280376,7/8/2020,FALSE,TRUE,1/16/2023,TRUE
8086-3673,Dasi Nolleth,4,30,445523,2/26/2021,FALSE,TRUE,5/17/2021,TRUE
1938-3835,Whittaker Mahady,5,10,114215,3/6/2020,FALSE,TRUE,4/24/2022,TRUE
9126-3360,Shanan Marchbank,6,10,305880,2/9/2022,FALSE,TRUE,12/21/2022,TRUE
9409-1105,Donall Tamlett,7,20,198488,5/26/2020,TRUE,FALSE,,FALSE
9626-4879,Edie Harnes,8,10,157271,1/11/2022,FALSE,TRUE,2/17/2023,TRUE
5889-2966,Juli Soutter,9,20,191699,9/25/2021,FALSE,TRUE,11/14/2022,TRUE
3894-0754,Tally Epsley,10,40,174791,8/4/2021,FALSE,FALSE,,FALSE
7840-6363,Hughie Paybody,11,30,40353,5/19/2021,TRUE,FALSE,,FALSE
9672-1985,Germain Redholls,12,20,330468,6/2/2022,TRUE,FALSE,,FALSE
1590-9937,Dorena Woolcocks,13,30,453445,5/24/2022,FALSE,TRUE,3/16/2023,TRUE
4113-6997,Burgess Kryzhov,14,10,192026,11/21/2022,TRUE,FALSE,,FALSE
9311-6465,Dick Aronovich,15,20,371984,12/8/2021,FALSE,TRUE,5/9/2022,TRUE
3518-8049,Elenore Rainsden,16,20,373091,7/29/2022,TRUE,FALSE,,FALSE
5280-6303,Leena Alyukin,17,40,459787,4/24/2022,FALSE,TRUE,4/26/2022,TRUE
5001-6681,Richardo Bolmann,18,20,97864,6/9/2021,FALSE,TRUE,3/1/2023,TRUE
7728-2673,Jude Henlon,19,30,267920,2/1/2022,FALSE,TRUE,8/25/2022,TRUE
5372-5871,Gabbie Piers,20,10,393755,2/10/2022,TRUE,FALSE,,FALSE
6917-7757,Pierette Garz,21,40,175680,8/20/2022,TRUE,FALSE,,FALSE
8902-4874,Logan Lumber,22,10,118806,10/4/2021,FALSE,TRUE,6/1/2022,TRUE
2524-3152,Shawn Casely,23,40,50919,9/23/2021,TRUE,FALSE,,FALSE
0015-0206,Ripley Maffione,24,30,218867,3/28/2021,FALSE,FALSE,,FALSE
4904-8693,Sancho Shadfourth,25,30,59518,12/18/2021,FALSE,TRUE,12/20/2022,TRUE
3627-4786,Quinlan Yerill,26,20,110861,5/19/2021,FALSE,TRUE,11/23/2021,TRUE
7403-5854,Carlen Rewan,27,30,302188,3/6/2022,FALSE,TRUE,12/30/2022,TRUE
5233-6398,Filippo Rizzotto,28,10,317041,6/20/2020,FALSE,TRUE,11/8/2022,TRUE
1478-5076,Marilin Southerns,29,30,237697,12/13/2022,FALSE,TRUE,3/2/2023,TRUE
6217-9288,Tessa Bignell,30,30,411300,2/21/2021,FALSE,TRUE,11/9/2022,TRUE
5788-4816,Delano Peddie,31,20,243853,3/5/2021,TRUE,FALSE,,FALSE
8268-2834,Darrell Nizet,32,40,95696,3/22/2021,FALSE,FALSE,,FALSE
8813-2575,Kenna Ebourne,33,10,107542,6/10/2022,FALSE,TRUE,2/23/2023,TRUE
2497-9571,Jacquelynn Hargrove,34,30,110490,10/31/2022,FALSE,TRUE,11/14/2022,TRUE
1570-8611,Nicholle Brettel,35,10,285774,10/1/2022,TRUE,FALSE,,FALSE
8849-6851,Jodie Naismith,36,20,54580,8/24/2022,TRUE,FALSE,,FALSE
6603-1713,Melantha Frantzeni,37,30,125218,4/8/2020,TRUE,FALSE,,FALSE
4721-2951,Darby Carrell,38,30,407067,6/7/2022,FALSE,TRUE,12/25/2022,TRUE
7754-6351,Shandie Paxeford,39,10,286822,3/11/2022,FALSE,TRUE,2/24/2023,TRUE
6214-8018,Maxy Frantz,40,20,85035,3/4/2021,TRUE,FALSE,,FALSE
8983-8917,Dacy Gotobed,41,10,364068,8/3/2022,TRUE,FALSE,,FALSE
3167-7615,Zonda Marzella,42,10,444055,6/10/2021,FALSE,TRUE,3/8/2022,TRUE
9991-0968,Gorden Joanaud,43,20,372531,5/26/2022,FALSE,TRUE,9/7/2022,TRUE
9572-2880,Barty Housby,44,20,323970,3/29/2021,TRUE,FALSE,,FALSE
1949-3267,Clerissa Garford,45,40,385589,8/9/2022,TRUE,FALSE,,FALSE
8126-0910,Giselle Dilleway,46,20,448297,10/15/2022,TRUE,FALSE,,FALSE
1956-2506,Sadella Woolmington,47,20,7616,3/31/2021,FALSE,TRUE,7/1/2022,TRUE
0172-2680,Kial Barson,48,20,407285,2/4/2022,FALSE,TRUE,11/12/2022,TRUE
1886-4565,Armin Monteith,49,40,198818,8/2/2022,TRUE,FALSE,,FALSE
7338-7130,Kandy Loidl,50,40,185356,6/4/2022,FALSE,FALSE,,FALSE
8421-6493,Rochell Vitall,51,10,172697,3/16/2020,FALSE,TRUE,1/19/2021,TRUE
9911-3345,Arney Ronci,52,10,410248,1/12/2021,FALSE,TRUE,7/30/2022,TRUE
4073-8627,Bryna Trebbett,53,10,238225,2/11/2021,FALSE,FALSE,,TRUE
3373-2968,Wood Keynd,54,20,347580,7/19/2020,FALSE,TRUE,8/2/2020,TRUE
9471-7223,Janenna D'Souza,55,30,60393,8/28/2022,TRUE,FALSE,,FALSE
2157-4298,Curcio Srawley,56,30,467619,12/27/2021,FALSE,TRUE,12/3/2022,TRUE
9121-3132,Marieann Aslin,57,40,254077,8/6/2021,FALSE,TRUE,2/19/2023,TRUE
2434-4042,Olia Tribell,58,40,52333,10/5/2022,TRUE,FALSE,,FALSE
0316-4458,Pete Botler,59,30,10321,10/7/2021,FALSE,TRUE,12/5/2022,TRUE
2545-4271,Rockie Laflin,60,30,402478,12/15/2020,FALSE,TRUE,6/24/2022,TRUE
2219-3390,Fons Nix,61,10,354008,3/7/2020,FALSE,FALSE,,TRUE
6733-2720,Brnaba Terran,62,30,299537,6/11/2022,TRUE,FALSE,,FALSE
1164-8866,Nahum Brake,63,40,388253,8/29/2021,FALSE,FALSE,,FALSE
8508-7988,Engracia Hutt,64,10,191218,8/8/2020,FALSE,TRUE,1/14/2021,TRUE
9539-6738,Annabel Jubb,65,30,435739,9/24/2021,FALSE,TRUE,1/23/2023,TRUE
9026-2548,Lyndsie Belly,66,40,498312,9/3/2020,FALSE,TRUE,5/26/2021,TRUE
1886-0208,Nikolia O' Mulderrig,67,40,317198,4/7/2022,FALSE,TRUE,6/24/2022,TRUE
9282-9623,Florie Stoffers,68,20,314782,8/6/2020,FALSE,FALSE,,TRUE
3226-9615,Hillary O'Currane,69,10,173574,5/25/2021,TRUE,FALSE,,FALSE
9776-3042,Jae Busher,70,20,174009,5/13/2021,FALSE,TRUE,11/10/2021,TRUE
6423-1048,Micheline Burrett,71,10,190959,11/2/2021,FALSE,FALSE,,FALSE
5535-7469,Merle Blabey,72,30,80959,8/31/2020,FALSE,FALSE,,TRUE
8221-5443,Lewie Janeczek,73,10,193989,3/23/2021,FALSE,TRUE,10/31/2022,TRUE
0371-9502,Dede Parvin,74,10,285635,5/20/2022,FALSE,TRUE,8/9/2022,TRUE
8157-3765,Persis Kingzeth,75,40,455188,3/23/2020,FALSE,TRUE,1/22/2023,TRUE
0743-9117,Jayme Alyonov,76,30,461870,5/27/2022,TRUE,FALSE,,FALSE
2185-1679,Benedick Brookesbie,77,10,303254,6/28/2020,FALSE,TRUE,10/30/2020,TRUE
2779-2770,Randolph Bloxsom,78,40,108148,11/29/2022,TRUE,FALSE,,FALSE
0307-6362,Kevyn Meir,79,30,175778,4/9/2020,FALSE,TRUE,10/26/2021,TRUE
1562-4345,Olivier Glanvill,80,40,34689,11/8/2021,TRUE,FALSE,,FALSE
8443-5359,Robinia Piscot,81,20,171740,5/28/2020,FALSE,TRUE,12/27/2022,TRUE
9182-0045,Evita Trimming,82,10,154427,10/8/2020,FALSE,TRUE,9/28/2022,TRUE
5366-9835,Denyse Chattock,83,10,470690,3/4/2021,FALSE,TRUE,9/8/2022,TRUE
5449-2774,Cyrus Elintune,84,20,171891,1/16/2021,FALSE,FALSE,,TRUE
4089-8918,Katey Brisson,85,40,276446,2/26/2020,FALSE,FALSE,,FALSE
4139-0480,Baily Gethen,86,40,408872,9/23/2020,FALSE,FALSE,,FALSE
9205-5374,Cleve McOrkil,87,20,59301,2/27/2020,FALSE,FALSE,,FALSE
2786-9869,Franchot Hayball,88,20,293469,4/6/2021,TRUE,FALSE,,FALSE
2647-6467,Latisha Mably,89,20,462119,12/20/2022,TRUE,FALSE,,FALSE
1479-3493,Franciska McVanamy,90,30,24442,7/23/2021,TRUE,FALSE,,FALSE
5537-0830,Boony Willbond,91,30,33302,2/3/2021,FALSE,TRUE,2/23/2021,TRUE
9995-5453,Elonore Philippe,92,20,230403,10/17/2022,TRUE,FALSE,,FALSE
6280-4410,Halette Ream,93,10,469476,4/4/2020,FALSE,TRUE,7/26/2021,TRUE
4444-8471,Giacinta Speariett,94,30,180179,11/13/2020,FALSE,TRUE,3/9/2023,TRUE
7368-3615,Junette Fleetwood,95,40,24806,4/6/2021,TRUE,FALSE,,FALSE
8385-9472,Torin Handrahan,96,40,127058,3/29/2020,TRUE,FALSE,,FALSE
8913-0677,Alexandrina Dougary,97,30,235205,1/17/2022,FALSE,TRUE,3/16/2022,TRUE
1698-7909,Waly Carine,98,40,249580,11/29/2021,FALSE,TRUE,6/28/2022,TRUE
7274-0821,Meg Dobbins,99,20,304302,6/22/2020,TRUE,FALSE,,FALSE
5962-9423,Judy MacGeaney,100,30,181503,4/24/2022,TRUE,FALSE,,FALSE
6596-0345,Witty Marvell,101,30,32780,3/27/2022,TRUE,FALSE,,FALSE
0926-4724,Benni Shakeshaft,102,30,260018,8/9/2021,TRUE,FALSE,,FALSE
3836-7243,Nikolas Batting,103,10,164790,4/25/2021,FALSE,TRUE,7/22/2021,TRUE
9178-1994,Hinda Grubb,104,20,318142,5/6/2020,FALSE,TRUE,12/23/2021,TRUE
9201-4861,Dale Noye,105,30,427764,8/24/2021,TRUE,FALSE,,FALSE
7772-2158,Hakim Kimberly,106,10,481133,6/17/2020,FALSE,TRUE,9/21/2022,TRUE
1113-8590,Uri Bolduc,107,20,184853,1/24/2022,TRUE,FALSE,,FALSE
0103-9919,Henrie Fere,108,10,491789,12/22/2020,FALSE,TRUE,4/26/2021,TRUE
0894-0487,Harvey Filyakov,109,10,170876,8/11/2022,TRUE,FALSE,,FALSE
5669-1019,Ailey Morando,110,20,89172,8/6/2021,TRUE,FALSE,,FALSE
1684-6703,Rosemarie Bleackly,111,20,171547,3/9/2020,FALSE,TRUE,3/17/2020,TRUE
4195-6982,Owen McCuish,112,30,156375,12/25/2020,FALSE,TRUE,8/22/2021,TRUE
3028-3825,Rorie Weafer,113,10,276924,10/28/2022,FALSE,TRUE,11/30/2022,TRUE
3802-7222,Rowland Croasdale,114,20,335725,4/15/2021,FALSE,FALSE,,FALSE
9712-5010,Cordell Dahlberg,115,10,239035,9/18/2021,FALSE,FALSE,,FALSE
5277-9729,Bentley Bartalucci,116,20,59984,7/19/2021,FALSE,FALSE,,FALSE
1043-5797,Annis Simonsson,117,40,157230,7/21/2021,FALSE,TRUE,3/14/2023,TRUE
3231-7175,Bee Froude,118,10,37983,10/22/2020,FALSE,TRUE,5/18/2022,TRUE
2720-4074,Dewey McCullough,119,10,277424,2/24/2021,FALSE,TRUE,9/2/2021,TRUE
6469-0482,Vanni Polotti,120,40,155410,8/7/2021,FALSE,FALSE,,FALSE
8928-1169,Morgan Yancey,121,10,272861,7/19/2021,FALSE,TRUE,10/11/2021,TRUE
5827-9751,Bevin Dahlberg,122,40,327287,3/29/2020,FALSE,TRUE,12/26/2021,TRUE
0858-4139,Oswell Corah,123,10,278827,6/12/2022,TRUE,FALSE,,FALSE
6775-8040,Sasha Standering,124,20,29572,11/3/2022,FALSE,TRUE,1/18/2023,TRUE
4290-6383,Sandye Sivell,125,40,77639,4/8/2021,FALSE,TRUE,6/22/2021,TRUE
5240-1127,Lethia Purveys,126,20,201362,4/26/2021,FALSE,FALSE,,FALSE
8453-9143,Sofie McCroary,127,40,41192,3/19/2021,FALSE,TRUE,4/23/2022,TRUE
4111-5266,Byrann Backshill,128,40,235525,3/24/2021,TRUE,FALSE,,FALSE
6107-6628,Portia Blakemore,129,30,199951,5/30/2021,FALSE,TRUE,12/22/2022,TRUE
4639-0388,Reamonn Dempster,130,10,265699,5/30/2022,TRUE,FALSE,,FALSE
0572-1467,Cordell Scahill,131,40,107025,8/19/2020,FALSE,TRUE,11/12/2020,TRUE
6699-4453,Barney Waddicor,132,20,138848,7/1/2021,FALSE,TRUE,2/6/2023,TRUE
0957-9440,Lyndsie Gyngell,133,30,293000,9/19/2020,FALSE,FALSE,,FALSE
5888-0444,Sashenka Puve,134,10,431236,7/24/2022,FALSE,TRUE,3/14/2023,TRUE
4050-1501,Teodoor Gaddas,135,30,176337,9/28/2020,FALSE,TRUE,5/31/2022,TRUE
4346-9999,Aigneis Kinnar,136,10,248744,11/3/2020,FALSE,TRUE,4/20/2022,TRUE
2434-5899,Tierney Milmore,137,40,128881,11/18/2022,FALSE,TRUE,3/12/2023,TRUE
0733-9014,Nikolos Challiner,138,40,135419,4/17/2022,TRUE,FALSE,,FALSE
3404-7657,Nadean Singers,139,10,449872,12/22/2020,FALSE,TRUE,3/6/2022,TRUE
6573-5989,Onida Wackly,140,10,168684,7/9/2021,FALSE,TRUE,1/3/2023,TRUE
8772-0869,Tatiania Futter,141,30,315805,3/28/2021,FALSE,TRUE,2/13/2023,TRUE
4943-2227,Odessa Anlay,142,40,285447,2/11/2020,FALSE,FALSE,,TRUE
5309-2568,Skipton Saltmarsh,143,20,10264,10/26/2020,FALSE,TRUE,5/4/2022,TRUE
8372-1604,Rakel Risborough,144,20,477715,11/13/2021,FALSE,TRUE,11/5/2022,TRUE
5516-3722,Fay Normandale,145,30,248460,2/17/2020,FALSE,FALSE,,TRUE
8032-9536,Jasper Cortes,146,20,127720,11/16/2020,FALSE,TRUE,3/17/2022,TRUE
8929-8842,Lacey Padgett,147,40,323582,3/3/2022,FALSE,TRUE,3/1/2023,TRUE
7878-8699,Di Tregidgo,148,40,316662,6/20/2022,TRUE,FALSE,,FALSE
7697-8451,Findley Varcoe,149,20,288313,6/21/2020,FALSE,TRUE,10/3/2021,TRUE
6071-7521,Piper Jerrim,150,10,407637,11/9/2020,TRUE,FALSE,,FALSE
8415-5520,Blayne Osinin,151,30,175689,4/10/2020,FALSE,TRUE,7/17/2020,TRUE
5227-9776,Skye Crumbleholme,152,40,420895,11/21/2021,TRUE,FALSE,,FALSE
3205-0436,Anders Dominguez,153,30,228222,6/8/2021,FALSE,FALSE,,FALSE
8168-9079,Crosby Gregoraci,154,40,34798,7/4/2021,FALSE,FALSE,,FALSE
4144-1325,Carilyn Klesl,155,30,412245,4/10/2021,FALSE,FALSE,,FALSE
8173-0078,Magdaia Ensten,156,20,400750,10/21/2022,TRUE,FALSE,,FALSE
7146-7961,Calv Standring,157,10,326182,12/23/2021,FALSE,FALSE,,FALSE
6829-9157,Violet Draycott,158,30,211063,11/22/2022,TRUE,FALSE,,FALSE
2078-1128,Clemens Laver,159,30,297145,12/28/2022,FALSE,TRUE,1/22/2023,TRUE
8630-0716,Karine McRinn,160,40,486653,3/30/2020,FALSE,TRUE,10/20/2022,TRUE
7761-9702,Pierre McIlhatton,161,10,294373,5/12/2021,TRUE,FALSE,,FALSE
3452-7365,Walt Atcheson,162,30,337180,2/12/2020,FALSE,FALSE,,FALSE
8384-8203,Jervis MattiCCI,163,20,386707,11/14/2021,FALSE,TRUE,12/14/2022,TRUE
7412-6867,Alyce Abrahmson,164,40,287753,1/17/2020,TRUE,FALSE,,FALSE
5122-4791,Rod Landsborough,165,40,25123,9/21/2020,TRUE,FALSE,,FALSE
8591-6346,Jannelle Dever,166,10,122164,5/19/2022,FALSE,TRUE,1/10/2023,TRUE
5638-2997,Glyn Mee,167,10,65670,9/25/2021,FALSE,FALSE,,FALSE
0131-3684,Artemas Vigar,168,20,484316,7/9/2020,FALSE,TRUE,3/17/2023,TRUE
9566-4626,Weston Chart,169,20,148653,10/31/2020,FALSE,FALSE,,TRUE
1437-1484,Isidor Spenclay,170,20,190646,6/17/2022,FALSE,TRUE,8/17/2022,TRUE
5355-6205,Essy Klempke,171,40,443169,6/1/2022,FALSE,TRUE,2/27/2023,TRUE
1335-8907,Audry Jeratt,172,10,394883,3/21/2022,FALSE,TRUE,4/22/2022,TRUE
1952-5288,Donnie Arnal,173,20,310745,9/7/2020,FALSE,TRUE,7/5/2021,TRUE
5264-2897,Alec Sabathier,174,40,435938,8/24/2022,FALSE,TRUE,11/1/2022,TRUE
1814-5786,Nariko Dinneen,175,20,175465,4/3/2020,FALSE,FALSE,,TRUE
0947-3989,Patric Killner,176,10,416643,10/21/2020,FALSE,FALSE,,FALSE
1167-8529,Axel MacKowle,177,10,244483,11/28/2022,FALSE,TRUE,3/17/2023,TRUE
9917-6117,Glynn Collman,178,20,46121,1/10/2022,TRUE,FALSE,,FALSE
7332-5466,Reuven Macon,179,40,451049,4/20/2020,FALSE,FALSE,,TRUE
0997-4675,Dannie Bairstow,180,20,485891,4/29/2022,FALSE,TRUE,6/23/2022,TRUE
6216-3123,Asher Frear,181,30,423644,9/22/2020,FALSE,FALSE,,TRUE
1143-5294,Loraine Grayne,182,40,82397,6/11/2020,FALSE,TRUE,11/20/2022,TRUE
9041-6348,Hetti Gawthrop,183,30,420293,10/17/2022,TRUE,FALSE,,FALSE
7296-6827,Eudora Sumnall,184,10,84565,4/30/2021,FALSE,TRUE,6/24/2022,TRUE
8411-3883,Betsey Laugharne,185,10,93410,7/24/2020,FALSE,TRUE,5/3/2021,TRUE
2121-1407,Sara Neeson,186,30,460767,7/1/2021,FALSE,TRUE,8/28/2021,TRUE
6697-7707,Nolie Bukac,187,40,192079,12/6/2020,FALSE,TRUE,12/17/2022,TRUE
1856-0151,Orelia Mount,188,20,17477,2/23/2022,FALSE,TRUE,8/21/2022,TRUE
7199-8801,Janaya Thibodeaux,189,30,20359,4/24/2021,FALSE,TRUE,1/9/2023,TRUE
3114-3770,Anne-corinne Waleworke,190,20,72888,4/30/2021,FALSE,TRUE,7/1/2021,TRUE
8842-8498,Alfred Crowcombe,191,10,168286,12/24/2022,FALSE,TRUE,1/20/2023,TRUE
5732-9172,Vin Dutnall,192,30,333662,12/26/2022,TRUE,FALSE,,FALSE
2569-7502,Colleen Blessed,193,10,232877,12/15/2022,TRUE,FALSE,,FALSE
1966-9062,Norton Beamson,194,20,53552,5/25/2021,FALSE,TRUE,10/13/2022,TRUE
5697-3990,Bennett Furney,195,10,26069,5/22/2022,TRUE,FALSE,,FALSE
3168-4240,Gabby Sproston,196,40,125852,10/1/2021,FALSE,TRUE,10/2/2021,TRUE
3589-5812,Helen-elizabeth Whal,197,20,271262,7/14/2022,TRUE,FALSE,,FALSE
1476-2349,Amelita Jameson,198,20,238510,10/28/2022,FALSE,TRUE,10/30/2022,TRUE
2641-5720,Sanders Ruddoch,199,40,395658,5/12/2021,TRUE,FALSE,,FALSE
8437-7069,Allin Grinsted,200,30,275595,4/15/2021,TRUE,FALSE,,FALSE
1301-1865,Marcile Gauch,201,30,241882,4/15/2022,FALSE,TRUE,9/11/2022,TRUE
5423-2059,Marlane Haberjam,202,30,69009,6/7/2022,FALSE,TRUE,2/10/2023,TRUE
2376-4542,Erminie Buller,203,10,329128,5/6/2020,FALSE,TRUE,2/24/2023,TRUE
3741-7627,Angel Tomley,204,40,488602,3/19/2021,FALSE,FALSE,,FALSE
8429-7638,Vinny Raddon,205,30,401794,5/5/2020,FALSE,TRUE,7/11/2021,TRUE
7674-3432,Salvador Hought,206,20,168300,7/16/2021,FALSE,FALSE,,FALSE
1026-4196,Cullan Jouhning,207,10,75140,11/1/2020,FALSE,TRUE,3/12/2023,TRUE
1475-4369,Osborn Aurelius,208,30,464889,8/24/2022,TRUE,FALSE,,FALSE
0478-4388,Taffy McAlpin,209,20,218463,2/3/2022,TRUE,FALSE,,FALSE
0616-2020,Charyl Jewers,210,10,178565,10/18/2022,TRUE,FALSE,,FALSE
5515-6995,Westley Gaudon,211,40,426639,5/9/2022,FALSE,TRUE,2/27/2023,TRUE
8493-2421,Christina Ondracek,212,20,207270,3/17/2020,TRUE,FALSE,,FALSE
5036-9429,Lucila Ilett,213,20,214506,3/1/2020,TRUE,FALSE,,FALSE
2040-3335,Raphaela Kiffe,214,10,226085,6/19/2021,FALSE,TRUE,7/24/2022,TRUE
6168-2525,Yancy McDonagh,215,10,392274,8/21/2021,FALSE,FALSE,,FALSE
9795-5829,Roma Lax,216,40,400976,4/19/2020,TRUE,FALSE,,FALSE
2377-7830,Xerxes Ternott,217,30,326914,1/25/2022,FALSE,FALSE,,FALSE
3149-1673,Carce Pattison,218,30,383518,11/25/2020,FALSE,TRUE,9/9/2021,TRUE
7484-4038,Padgett Horsburgh,219,40,461925,7/10/2020,FALSE,TRUE,4/6/2022,TRUE
3365-8230,Matilde Dimond,220,40,427443,11/3/2021,FALSE,TRUE,1/4/2022,TRUE
3352-8817,Mischa Negri,221,10,316383,10/7/2022,FALSE,TRUE,10/13/2022,TRUE
3239-2282,Annissa Beadel,222,40,117742,1/1/2020,FALSE,FALSE,,TRUE
9050-1540,Corrinne Lower,223,40,148148,7/23/2020,FALSE,TRUE,5/30/2021,TRUE
4202-9399,Ford Brunon,224,10,268948,11/5/2021,FALSE,TRUE,3/9/2023,TRUE
5060-8372,Fairleigh Izzatt,225,30,217719,4/27/2022,TRUE,FALSE,,FALSE
1274-3084,Abigail Forrestall,226,40,152462,5/10/2022,TRUE,FALSE,,FALSE
3271-7612,Bradan Knutsen,227,40,280626,7/4/2022,TRUE,FALSE,,FALSE
4631-1083,Karleen Hriinchenko,228,40,423091,5/26/2022,FALSE,TRUE,8/17/2022,TRUE
5367-1621,Graehme Gidley,229,20,419175,3/4/2021,FALSE,TRUE,11/27/2022,TRUE
2784-2637,Northrup Carrodus,230,20,133319,11/10/2020,FALSE,TRUE,5/20/2022,TRUE
2550-2179,Garnet Bassingden,231,40,498310,12/31/2021,FALSE,TRUE,9/30/2022,TRUE
0735-1288,Dorian Menauteau,232,10,379580,7/25/2021,TRUE,FALSE,,FALSE
8426-0574,Joana Hardern,233,20,415675,4/24/2022,FALSE,TRUE,7/16/2022,TRUE
1247-5840,Oates Stolberg,234,20,437454,10/9/2020,FALSE,TRUE,12/15/2021,TRUE
8121-2247,Bonnie Treneer,235,40,426479,8/10/2022,FALSE,TRUE,12/8/2022,TRUE
8549-7498,Lorant Sandilands,236,30,134208,5/6/2020,FALSE,TRUE,11/25/2021,TRUE
5657-8490,Zorana Iacoviello,237,30,452943,6/22/2022,FALSE,TRUE,12/11/2022,TRUE
4187-7074,Lonnie Ladloe,238,20,376122,2/15/2021,FALSE,TRUE,1/14/2023,TRUE
3789-4588,Nevile Tortice,239,10,140281,10/11/2020,FALSE,TRUE,1/7/2023,TRUE
9362-7794,Emelyne Rey,240,10,22567,4/26/2021,FALSE,TRUE,8/13/2022,TRUE
2000-4262,Etheline Velareal,241,30,132903,9/25/2021,TRUE,FALSE,,FALSE
2621-3019,Julianne Gude,242,40,150060,1/11/2021,FALSE,TRUE,6/2/2022,TRUE
6048-0282,Aridatha Dunn,243,10,258752,6/7/2020,FALSE,TRUE,11/8/2020,TRUE
3362-4424,Curtice Yedall,244,10,153450,1/28/2021,FALSE,TRUE,5/21/2022,TRUE
3643-5942,Bartolemo Clixby,245,30,204122,3/1/2020,FALSE,FALSE,,TRUE
8802-9309,Alia Menpes,246,20,33582,7/6/2022,FALSE,TRUE,11/8/2022,TRUE
5646-9420,Adolf Danniel,247,20,21014,1/16/2022,TRUE,FALSE,,FALSE
2884-5320,Wilhelmina Wolpert,248,10,148728,3/7/2021,FALSE,TRUE,3/8/2023,TRUE
7390-2220,Emile O'Fihily,249,30,228982,4/17/2020,FALSE,TRUE,8/31/2021,TRUE
5825-3305,Webster Dowker,250,40,270039,11/19/2021,TRUE,FALSE,,FALSE
7673-3940,Dedra Piletic,251,30,494035,1/16/2020,FALSE,FALSE,,FALSE
2160-0209,Irena Outerbridge,252,40,20485,7/6/2020,FALSE,TRUE,1/8/2023,TRUE
8689-3285,Hal McElrath,253,10,270243,7/1/2021,FALSE,FALSE,,FALSE
1701-2045,Ellery Zeale,254,40,201628,9/27/2020,FALSE,TRUE,1/3/2022,TRUE
1096-2262,Melisa Bridgett,255,30,88149,12/27/2021,FALSE,FALSE,,TRUE
9174-0639,Felicia Hadenton,256,30,153134,2/7/2021,FALSE,FALSE,,FALSE
9748-1794,Rorke Sindle,257,10,72989,4/17/2022,TRUE,FALSE,,FALSE
5346-0922,Bellanca Mebes,258,10,41750,9/26/2021,FALSE,FALSE,,FALSE
3080-4279,Nydia Ogborne,259,10,87028,11/21/2021,FALSE,FALSE,,FALSE
7880-6134,Maximilien Hackworthy,260,30,125237,10/1/2021,FALSE,FALSE,,FALSE
7042-9428,Baxie Andreasen,261,30,365402,11/7/2022,TRUE,FALSE,,FALSE
2234-4016,Merrill Ranking,262,30,414999,4/7/2021,TRUE,FALSE,,FALSE
0130-3592,Lishe Longthorne,263,20,31517,4/1/2021,TRUE,FALSE,,FALSE
3015-6755,Ferdy Swatton,264,40,123705,4/30/2020,FALSE,FALSE,,TRUE
7412-4593,Hilda Domerc,265,20,12449,9/11/2021,FALSE,TRUE,1/17/2023,TRUE
6284-1559,Britt Ondrak,266,20,440331,11/29/2022,TRUE,FALSE,,FALSE
1961-3883,Bram Kinglake,267,20,135443,9/20/2021,FALSE,TRUE,5/4/2022,TRUE
4636-0098,Willi Scutcheon,268,20,206127,10/18/2020,FALSE,FALSE,,TRUE
2102-0647,Farica Perree,269,10,354234,9/27/2021,TRUE,FALSE,,FALSE
5646-8503,Abbi Meatyard,270,30,120005,1/18/2021,FALSE,TRUE,9/10/2021,TRUE
2913-4438,Chlo Hulse,271,20,166260,3/6/2021,TRUE,FALSE,,FALSE
9948-7456,Roberta Tamblyn,272,30,124628,10/19/2022,FALSE,TRUE,2/19/2023,TRUE
2210-3364,Patsy Camm,273,40,447950,1/15/2022,FALSE,TRUE,2/1/2022,TRUE
3786-3133,Merwin Vignaux,274,20,362408,5/2/2020,FALSE,FALSE,,TRUE
6528-7967,Christopher Eads,275,30,323960,5/1/2021,FALSE,TRUE,9/22/2022,TRUE
9460-7159,Marielle Shankster,276,20,338498,7/4/2022,FALSE,TRUE,12/2/2022,TRUE
3121-3144,Devora Baumer,277,30,376145,12/25/2022,TRUE,FALSE,,FALSE
0133-0745,Krystle McCalister,278,40,168859,11/15/2020,FALSE,TRUE,2/18/2023,TRUE
5430-3295,Lindsey Schimoni,279,20,476036,2/24/2021,FALSE,TRUE,9/10/2021,TRUE
6282-9521,Alica Ierland,280,10,381581,12/25/2020,FALSE,FALSE,,TRUE
6505-3594,Neely Besson,281,30,445969,1/11/2022,TRUE,FALSE,,FALSE
5015-9745,Barbi Haydn,282,20,41386,4/20/2022,TRUE,FALSE,,FALSE
8159-2099,Whitaker Cairns,283,30,230888,9/3/2021,FALSE,TRUE,12/12/2022,TRUE
9003-8153,Wakefield Girardey,284,10,186038,12/31/2021,FALSE,TRUE,4/7/2022,TRUE
2687-1058,Monika Gue,285,20,239983,10/6/2021,FALSE,TRUE,12/17/2022,TRUE
8835-3566,Roselia Booi,286,20,222631,7/5/2022,FALSE,TRUE,9/16/2022,TRUE
1598-7745,Anatola Knotte,287,30,465970,6/22/2021,TRUE,FALSE,,FALSE
9888-5955,Auria Floyd,288,20,61657,1/12/2020,FALSE,FALSE,,TRUE
9281-0755,Rufe Coathup,289,10,191563,2/22/2021,TRUE,FALSE,,FALSE
3897-5985,Werner Townend,290,20,451535,6/19/2020,FALSE,TRUE,9/9/2021,TRUE
0556-6588,Tisha Shelton,291,20,308180,5/25/2021,FALSE,TRUE,7/20/2021,TRUE
3147-5764,Vivie Saker,292,30,81255,12/15/2020,FALSE,TRUE,1/17/2021,TRUE
5875-2996,Sibeal Winwood,293,20,344728,5/4/2020,FALSE,TRUE,11/11/2020,TRUE
2978-7803,Tally Auden,294,30,373300,9/3/2021,FALSE,FALSE,,FALSE
7277-2223,Mildred MacIlhagga,295,30,317357,10/8/2021,TRUE,FALSE,,FALSE
3586-4816,Sloane Spilling,296,30,313973,3/3/2021,FALSE,FALSE,,TRUE
5307-7423,Mozes Pyecroft,297,20,288479,1/8/2020,FALSE,FALSE,,FALSE
8808-5128,Christy Beaston,298,10,316146,10/24/2020,FALSE,TRUE,8/11/2022,TRUE
7077-6800,Marcellina TRUE,299,30,472160,1/25/2020,FALSE,TRUE,11/30/2022,TRUE
0920-5574,Philbert Christou,300,20,250317,5/11/2021,TRUE,FALSE,,FALSE
8396-7223,Welsh Mulhall,301,20,425040,5/15/2020,FALSE,TRUE,2/18/2021,TRUE
1829-7300,Kelley Oehm,302,20,71983,8/5/2022,FALSE,TRUE,2/3/2023,TRUE
0739-8818,Milly Capelle,303,40,38976,3/1/2022,FALSE,TRUE,5/30/2022,TRUE
6620-5186,Klarrisa Nelthorp,304,30,299665,7/30/2022,TRUE,FALSE,,FALSE
3309-6769,Zach Dobing,305,20,175682,12/20/2021,FALSE,TRUE,5/31/2022,TRUE
4837-7041,Clari Schohier,306,30,134174,10/5/2020,FALSE,FALSE,,TRUE
2419-8096,Sherm Croughan,307,10,131555,1/19/2022,FALSE,TRUE,5/24/2022,TRUE
9139-5439,Lynn Hubbart,308,10,92475,8/13/2020,FALSE,TRUE,2/22/2023,TRUE
9633-5604,Marisa Turrill,309,10,329908,5/6/2021,TRUE,FALSE,,FALSE
0191-4630,Dido Nyles,310,40,494142,10/25/2020,FALSE,TRUE,9/4/2021,TRUE
4433-9455,Godfrey Leith,311,40,82415,5/21/2022,FALSE,TRUE,9/2/2022,TRUE
5819-7880,Eugenia Going,312,30,494785,9/5/2022,TRUE,FALSE,,FALSE
4672-4190,Nickolaus Piser,313,40,372415,2/4/2022,TRUE,FALSE,,FALSE
6401-4465,Goddard Elintune,314,20,47648,11/14/2020,FALSE,TRUE,2/3/2021,TRUE
5880-6291,Teddy Crosetto,315,30,301837,10/27/2020,FALSE,FALSE,,TRUE
6663-5915,Juliana Yeoman,316,20,275449,1/27/2021,FALSE,TRUE,7/30/2022,TRUE
5851-7819,Willis Linford,317,30,190241,9/17/2021,FALSE,FALSE,,FALSE
2807-2765,Mia Bresnen,318,10,80601,12/4/2020,FALSE,TRUE,7/7/2021,TRUE
0725-7056,Enrique Calender,319,40,192720,11/15/2022,FALSE,TRUE,12/1/2022,TRUE
4614-7269,Aurel Prescote,320,10,196874,9/24/2022,TRUE,FALSE,,FALSE
2244-9995,Tammara McGuggy,321,40,296370,1/31/2021,FALSE,TRUE,9/23/2022,TRUE
3196-3859,Ellene Swalough,322,10,151983,3/26/2022,FALSE,TRUE,4/12/2022,TRUE
1684-8914,Coreen Fuidge,323,20,69498,7/14/2020,FALSE,TRUE,6/8/2022,TRUE
7619-3066,Daphene Gethings,324,20,209692,7/16/2022,TRUE,FALSE,,FALSE
6665-9985,Peggi Ciccottio,325,40,350393,6/14/2022,TRUE,FALSE,,FALSE
1372-1049,Christophe Schonfeld,326,10,289306,10/4/2020,FALSE,TRUE,6/5/2021,TRUE
8713-2479,Adora Hallitt,327,30,49849,7/13/2021,TRUE,FALSE,,FALSE
1640-1055,Josiah Greystock,328,30,433356,4/20/2022,TRUE,FALSE,,FALSE
1837-9131,Becki Summerbell,329,10,224114,4/24/2022,FALSE,TRUE,10/31/2022,TRUE
0593-2197,Kathryne Wickett,330,40,20846,1/5/2022,FALSE,TRUE,12/27/2022,TRUE
4354-9676,Abigale Sympson,331,20,16642,1/17/2020,FALSE,TRUE,11/20/2020,TRUE
7224-4373,Ruddy Allanby,332,20,61934,12/21/2022,FALSE,TRUE,2/23/2023,TRUE
8231-9804,Pattie Deetlefs,333,20,336404,8/3/2021,FALSE,TRUE,3/3/2022,TRUE
3815-0532,Puff Kleynermans,334,20,202431,12/13/2022,TRUE,FALSE,,FALSE
9647-0311,Iver Wainman,335,40,473042,11/22/2022,FALSE,TRUE,3/16/2023,TRUE
2979-7522,Gerome Beddall,336,30,441790,2/1/2020,FALSE,TRUE,2/22/2022,TRUE
2983-7074,Lynna Flacknoe,337,20,309615,11/24/2022,TRUE,FALSE,,FALSE
5190-2009,Sandy von Hagt,338,10,486142,1/11/2021,FALSE,TRUE,12/13/2022,TRUE
6988-3929,Shay Jeanin,339,20,474737,1/25/2022,TRUE,FALSE,,FALSE
1422-7688,Frederica Stafford,340,20,280089,5/29/2020,FALSE,TRUE,12/28/2022,TRUE
0302-4472,Nickolas St. Queintain,341,20,127848,5/14/2022,FALSE,FALSE,,FALSE
3833-0225,Celestina Deakins,342,10,404626,2/1/2020,FALSE,TRUE,2/4/2023,TRUE
2664-3351,Osmund Klagge,343,30,63889,7/23/2021,FALSE,TRUE,10/10/2022,TRUE
3462-9849,Karil Valek,344,20,258798,3/1/2020,FALSE,TRUE,12/23/2021,TRUE
9804-0237,Barbra Tarplee,345,30,392843,2/21/2022,FALSE,TRUE,9/21/2022,TRUE
1173-3662,Giraud Wallwork,346,30,361316,3/28/2021,FALSE,TRUE,3/8/2023,TRUE
4936-8981,Calypso Lowerson,347,20,325926,10/23/2021,FALSE,TRUE,2/26/2023,TRUE
4352-1552,Fabio Weildish,348,40,119668,12/16/2022,FALSE,TRUE,2/6/2023,TRUE
2334-8622,Barton Fowlestone,349,10,93870,5/14/2021,FALSE,FALSE,,FALSE
3704-9279,Issy Watkiss,350,40,478035,5/15/2021,FALSE,TRUE,9/10/2021,TRUE
1077-3065,Cletus Vell,351,10,366945,6/17/2022,TRUE,FALSE,,FALSE
2063-2016,Shea Braam,352,30,145292,9/18/2020,FALSE,TRUE,12/23/2021,TRUE
2753-4925,Elyssa Ballchin,353,10,393604,2/14/2020,FALSE,FALSE,,TRUE
4334-0825,Renard Keedwell,354,30,126517,7/13/2022,FALSE,TRUE,9/19/2022,TRUE
2760-2066,Paten Fellon,355,40,317474,1/24/2021,FALSE,TRUE,9/3/2021,TRUE
9537-4656,Sherri Dun,356,10,108636,3/12/2020,FALSE,TRUE,11/14/2022,TRUE
6806-5544,Katinka Ottewill,357,10,130195,1/10/2021,FALSE,FALSE,,FALSE
1096-7333,Lurline Spurret,358,10,240376,3/1/2020,FALSE,FALSE,,TRUE
2216-6565,Elyssa Chilver,359,20,224002,9/7/2021,FALSE,TRUE,5/17/2022,TRUE
3145-6098,Dasie Rickardes,360,10,308743,12/7/2021,FALSE,TRUE,3/4/2022,TRUE
4685-6979,Lu Leupold,361,20,46720,5/31/2022,FALSE,FALSE,,FALSE
0852-6620,Terrence Melluish,362,40,129181,1/26/2021,FALSE,FALSE,,TRUE
7231-0737,Blinnie Bullman,363,10,396183,11/23/2020,FALSE,FALSE,,FALSE
5171-3500,Artemis FitzGeorge,364,40,372336,7/8/2020,TRUE,FALSE,,FALSE
1002-6382,Fletch Le feaver,365,10,158291,3/7/2020,FALSE,TRUE,1/1/2023,TRUE
4589-8084,Edmon Denacamp,366,40,26984,3/14/2021,FALSE,TRUE,10/10/2022,TRUE
4748-5249,Catlin Mayte,367,30,124557,5/1/2022,TRUE,FALSE,,FALSE
5652-5492,Pail Stanesby,368,30,59624,2/20/2021,FALSE,FALSE,,TRUE
5210-1969,Nell Pele,369,10,498585,10/4/2021,TRUE,FALSE,,FALSE
7091-1936,Kalie Leask,370,30,349000,7/18/2020,FALSE,TRUE,3/25/2021,TRUE
3555-0246,Carlynne Boaler,371,10,94866,4/25/2021,FALSE,TRUE,3/13/2022,TRUE
3834-7163,Sterling Guerra,372,40,30313,2/23/2020,TRUE,FALSE,,FALSE
3739-3268,Tito Cornely,373,10,270392,9/5/2022,TRUE,FALSE,,FALSE
7645-8299,Gregg Seton,374,40,146885,1/11/2020,FALSE,FALSE,,TRUE
7607-5185,Zondra Pougher,375,40,183557,8/11/2020,FALSE,FALSE,,FALSE
2163-7167,Fair De Blase,376,20,66450,2/24/2022,FALSE,TRUE,4/27/2022,TRUE
9575-2296,Hi Kegley,377,10,100867,7/6/2021,FALSE,FALSE,,FALSE
1684-2197,Tamiko Arpin,378,20,315562,11/5/2021,FALSE,TRUE,8/1/2022,TRUE
3309-1644,Thacher Alenikov,379,40,257167,4/16/2021,FALSE,TRUE,8/31/2021,TRUE
9042-5034,Michel Adams,380,30,152327,1/7/2020,FALSE,TRUE,2/16/2023,TRUE
8521-1819,Odella Scarlon,381,40,484130,5/28/2021,FALSE,FALSE,,FALSE
1483-2847,Gannon Sommerville,382,30,220583,9/9/2022,TRUE,FALSE,,FALSE
5119-0274,Benedikta Harefoot,383,20,379053,11/13/2020,TRUE,FALSE,,FALSE
9160-0340,Ruy Brightey,384,30,481983,3/12/2022,FALSE,FALSE,,FALSE
5467-7804,Maribelle Glaserman,385,30,120055,12/4/2021,FALSE,TRUE,3/15/2023,TRUE
4206-7146,Reynold Olliar,386,40,6975,2/26/2022,TRUE,FALSE,,FALSE
9983-0142,Paulie Barnhart,387,40,303560,7/31/2021,FALSE,TRUE,8/27/2022,TRUE
6404-2242,Faythe Ellyatt,388,20,391410,1/1/2020,FALSE,TRUE,10/11/2022,TRUE
1011-5084,Tessa Symon,389,40,91995,10/13/2020,FALSE,FALSE,,FALSE
2852-6011,Henrieta Lindell,390,40,475388,1/2/2022,FALSE,FALSE,,FALSE
6761-1263,Miran Riccetti,391,30,44046,10/8/2021,FALSE,TRUE,10/25/2022,TRUE
4732-6961,Noach Hoyle,392,40,61859,8/25/2020,FALSE,TRUE,9/25/2022,TRUE
0811-9945,Sissie Padwick,393,10,303985,6/12/2020,FALSE,TRUE,1/28/2023,TRUE
2452-6405,Pepi Clymer,394,40,136280,8/28/2022,TRUE,FALSE,,FALSE
3747-6467,Bertrand Gelly,395,10,405596,10/19/2021,FALSE,FALSE,,FALSE
9553-8645,Lexis Inchcomb,396,30,410827,3/6/2021,TRUE,FALSE,,FALSE
7105-2254,Claudia Vellacott,397,20,118029,8/16/2021,FALSE,TRUE,8/12/2022,TRUE
4820-5484,Mozelle Jacquemot,398,40,33929,6/14/2020,FALSE,FALSE,,TRUE
4094-6880,Demetria Anderton,399,20,66236,11/27/2022,TRUE,FALSE,,FALSE
2652-8067,Wini Morad,400,20,438558,9/6/2020,FALSE,FALSE,,TRUE
9786-8078,Waite Copozio,401,10,347465,12/28/2020,FALSE,FALSE,,TRUE
5002-9723,Berta De Cruz,402,20,398282,12/14/2020,FALSE,TRUE,5/22/2021,TRUE
0797-9414,Ramsay Fadian,403,20,5251,5/21/2022,TRUE,FALSE,,FALSE
3491-3087,Calv Blick,404,10,450447,6/6/2021,FALSE,TRUE,10/30/2022,TRUE
7286-7409,Bonny Colmer,405,40,78469,11/13/2020,FALSE,FALSE,,FALSE
5452-7994,Flinn Taylo,406,10,108070,7/4/2020,FALSE,TRUE,12/19/2020,TRUE
2566-1613,Valentine Spradbrow,407,10,81541,2/19/2021,FALSE,TRUE,10/19/2022,TRUE
9823-3404,Iona Whatham,408,10,208235,3/18/2021,TRUE,FALSE,,FALSE
2359-4259,Burty Colchett,409,30,349383,9/6/2020,TRUE,FALSE,,FALSE
8826-5634,Sondra Buckland,410,30,69142,3/13/2021,FALSE,TRUE,9/2/2022,TRUE
3218-0401,Calida Chezelle,411,20,495687,9/10/2021,FALSE,FALSE,,FALSE
1427-2235,Madella Eilhart,412,10,318950,5/17/2020,FALSE,TRUE,12/30/2021,TRUE
9743-1894,Garrard Loiterton,413,30,34418,6/25/2020,FALSE,TRUE,12/21/2022,TRUE
6886-9201,Kurt Buxey,414,30,274598,1/9/2022,TRUE,FALSE,,FALSE
8101-8961,Quintilla Beswell,415,10,139504,10/26/2020,FALSE,FALSE,,TRUE
8738-0014,Tierney Dunderdale,416,10,279041,2/8/2021,FALSE,TRUE,4/12/2022,TRUE
4386-3797,Brittan Fretson,417,20,241638,9/17/2021,FALSE,FALSE,,FALSE
3381-2396,Gabriel Checketts,418,40,304586,4/21/2022,FALSE,TRUE,11/10/2022,TRUE
7579-8666,Urbain Glancy,419,10,375093,1/29/2022,FALSE,TRUE,11/12/2022,TRUE
1380-8176,Lee Santhouse,420,20,491688,12/23/2021,FALSE,FALSE,,FALSE
6831-5020,North Aubrey,421,10,434853,10/28/2021,TRUE,FALSE,,FALSE
0528-8314,Carlina Gabbetis,422,40,247183,4/12/2022,TRUE,FALSE,,FALSE
6753-7440,Daniela Rosenbusch,423,30,185986,8/27/2021,FALSE,FALSE,,TRUE
5137-7841,Patti Monaghan,424,10,461029,12/16/2020,TRUE,FALSE,,FALSE
5770-5456,Charlton Jorden,425,40,124835,6/15/2021,FALSE,FALSE,,FALSE
8718-0677,Zachary Ruprich,426,10,235780,2/10/2022,FALSE,TRUE,7/11/2022,TRUE
7039-4159,Porty Polleye,427,10,419137,1/20/2020,FALSE,FALSE,,TRUE
9658-0221,Fulvia Goodlad,428,30,360604,2/2/2020,FALSE,FALSE,,TRUE
8215-7695,Edd Holberry,429,10,182744,7/13/2020,TRUE,FALSE,,FALSE
7970-5139,Giana MacColgan,430,20,274906,8/16/2022,TRUE,FALSE,,FALSE
6650-1785,Karleen Lougheed,431,10,105718,8/27/2020,TRUE,FALSE,,FALSE
5689-0750,Leroi Labusquiere,432,40,102626,10/22/2021,FALSE,FALSE,,FALSE
9559-3571,Teresita Figurski,433,30,115221,12/24/2021,TRUE,FALSE,,FALSE
2274-8078,Wilone Seppey,434,30,38193,1/18/2020,FALSE,TRUE,4/22/2021,TRUE
7716-3686,Ofilia Perrigo,435,10,374332,6/8/2020,FALSE,TRUE,1/25/2023,TRUE
4733-0804,Markos Devenish,436,40,353147,11/7/2021,TRUE,FALSE,,FALSE
9355-2893,Teriann Glede,437,40,167113,3/2/2020,FALSE,TRUE,8/1/2020,TRUE
4213-3116,Louie Praundl,438,30,433950,8/27/2021,FALSE,TRUE,2/5/2023,TRUE
9554-1525,Elissa Ollarenshaw,439,10,130487,10/24/2021,FALSE,TRUE,12/7/2021,TRUE
5756-3794,Clemmy Fredson,440,30,19485,8/18/2022,TRUE,FALSE,,FALSE
6251-3465,Shannah Sooper,441,30,52071,4/1/2020,FALSE,TRUE,9/21/2022,TRUE
2429-8375,Gauthier Whilder,442,10,8649,8/9/2021,TRUE,FALSE,,FALSE
6960-4425,Samson Leyban,443,30,245334,2/13/2022,FALSE,TRUE,6/28/2022,TRUE
7780-0980,Georgie De Luna,444,20,168972,11/3/2022,TRUE,FALSE,,FALSE
0127-0823,Hilton Westmacott,445,20,264498,8/1/2021,FALSE,FALSE,,FALSE
2860-3233,Frederich Lauridsen,446,30,43375,9/1/2020,FALSE,TRUE,2/21/2023,TRUE
2483-2200,Sasha Ormrod,447,10,408861,3/1/2021,FALSE,FALSE,,FALSE
3764-2827,Nobie Rotge,448,30,6563,1/9/2020,FALSE,FALSE,,FALSE
6682-2248,Flossie Dreini,449,30,279910,4/26/2021,FALSE,FALSE,,FALSE
0532-0411,Zelma Luxton,450,40,458201,6/6/2022,TRUE,FALSE,,FALSE
1581-4144,Fayre Nayshe,451,20,137172,7/8/2022,TRUE,FALSE,,FALSE
5053-3828,Jared Vose,452,30,327270,1/4/2021,FALSE,FALSE,,TRUE
4102-0290,Donetta Fawdry,453,20,434824,1/5/2020,FALSE,FALSE,,FALSE
0196-0166,Vale Merrigans,454,10,392993,7/18/2020,FALSE,TRUE,12/24/2022,TRUE
7390-6343,Georgy Endle,455,30,72271,10/29/2020,FALSE,FALSE,,TRUE
5945-2399,Dulcinea Swetmore,456,10,374136,6/25/2022,FALSE,TRUE,8/14/2022,TRUE
5158-8230,Ancell Prisk,457,40,346711,8/9/2021,FALSE,TRUE,6/28/2022,TRUE
7880-6745,Hinda Charrington,458,30,20110,6/28/2020,FALSE,TRUE,12/2/2022,TRUE
0916-5080,Clarette Gonthard,459,40,77212,7/30/2020,TRUE,FALSE,,FALSE
8035-8402,Christy Whitmore,460,20,356460,12/24/2020,FALSE,FALSE,,FALSE
3530-0439,Amandi Livesay,461,30,386506,3/3/2021,FALSE,FALSE,,FALSE
9998-0986,Fernanda Paudin,462,30,377057,10/30/2020,FALSE,TRUE,3/13/2021,TRUE
9110-7786,Wake Scanes,463,40,462429,2/20/2022,TRUE,FALSE,,FALSE
6005-9066,Raoul Jerosch,464,20,67624,6/18/2021,FALSE,FALSE,,TRUE
4788-2112,Valeria Deville,465,20,9887,2/18/2020,FALSE,TRUE,3/9/2023,TRUE
0901-8490,Rawley Bridewell,466,10,244996,4/22/2022,TRUE,FALSE,,FALSE
1944-2449,Amie Cumberpatch,467,20,372284,7/1/2022,TRUE,FALSE,,FALSE
6024-6744,Elwood De Domenico,468,40,135556,8/18/2020,TRUE,FALSE,,FALSE
8149-8503,Benni Kenworthy,469,20,403081,12/3/2021,TRUE,FALSE,,FALSE
5207-9850,Bronny Cotsford,470,20,150082,6/30/2020,FALSE,FALSE,,TRUE
8863-7433,Kathlin Colledge,471,30,294854,12/25/2020,TRUE,FALSE,,FALSE
1905-5804,Douglass Gulberg,472,10,386462,9/10/2022,FALSE,TRUE,10/2/2022,TRUE
4462-8375,Jessalyn Van Arsdall,473,20,141262,7/21/2022,TRUE,FALSE,,FALSE
7812-6868,Stanford Bottomore,474,10,106299,8/5/2022,FALSE,TRUE,2/24/2023,TRUE
2475-7424,Kareem Gounet,475,20,343004,3/4/2022,FALSE,TRUE,11/9/2022,TRUE
4269-0596,Radcliffe Pye,476,10,47739,11/10/2022,FALSE,TRUE,1/8/2023,TRUE
6527-4026,Lucienne Meys,477,40,55852,4/22/2020,FALSE,TRUE,1/28/2023,TRUE
8855-2507,Karleen Gurnell,478,20,102676,7/14/2022,FALSE,TRUE,10/15/2022,TRUE
4165-2235,Perkin Pionter,479,10,32308,3/25/2020,FALSE,TRUE,12/6/2022,TRUE
7115-8869,Gilbert Laister,480,30,296476,3/5/2020,FALSE,TRUE,3/5/2022,TRUE
5757-2539,Zacharias Hallet,481,20,385354,11/24/2020,TRUE,FALSE,,FALSE
5422-3190,Tomasina Attoe,482,40,247761,6/4/2022,FALSE,TRUE,7/19/2022,TRUE
0086-3316,Haven Gwinnett,483,20,100043,3/16/2022,FALSE,TRUE,11/10/2022,TRUE
5572-3152,Creigh Jenking,484,20,322025,9/23/2020,FALSE,TRUE,2/7/2023,TRUE
7124-0290,Eziechiele Ashmole,485,30,454853,1/9/2022,FALSE,TRUE,3/15/2023,TRUE
0702-6371,Goldi Ostridge,486,40,343861,12/27/2020,FALSE,TRUE,3/10/2023,TRUE
0943-8990,Cacilia Taye,487,20,204426,7/8/2020,FALSE,TRUE,3/11/2021,TRUE
2836-8809,Raul Ladbrook,488,20,132176,12/22/2020,FALSE,FALSE,,FALSE
6180-2019,Lorie Mattschas,489,20,85660,1/29/2020,FALSE,TRUE,4/22/2022,TRUE
7913-2789,Vince Cabotto,490,10,461392,6/13/2020,FALSE,FALSE,,TRUE
3653-6366,Fara Needs,491,10,16935,7/23/2022,TRUE,FALSE,,FALSE
1961-2090,Eduardo Wilcox,492,30,386163,4/1/2021,FALSE,FALSE,,TRUE
8111-3524,Kaile Clowney,493,40,497837,4/7/2021,FALSE,TRUE,6/8/2021,TRUE
1269-1867,Case Iacapucci,494,20,481030,7/6/2021,FALSE,TRUE,1/22/2023,TRUE
1767-5003,Friedrich Burgwyn,495,10,40313,9/27/2022,TRUE,FALSE,,FALSE
2440-8393,Harrie Carrett,496,20,121560,2/23/2021,FALSE,TRUE,1/24/2022,TRUE
0572-4787,Avie Feldhammer,497,20,332002,11/7/2020,FALSE,TRUE,3/10/2022,TRUE
5675-1497,Iormina Thor,498,20,145319,7/14/2021,FALSE,TRUE,2/21/2023,TRUE
4826-1968,Inness Pourvoieur,499,30,335709,10/15/2021,FALSE,TRUE,12/28/2022,TRUE
1740-6743,Charlot Stovine,500,10,69204,4/20/2021,FALSE,FALSE,,FALSE
9811-3124,Clerkclaude Champe,501,20,419487,7/17/2020,FALSE,TRUE,9/13/2022,TRUE
0949-4223,Hedda Clogg,502,20,359852,7/23/2020,FALSE,TRUE,3/4/2022,TRUE
2948-0847,Wake Bidewell,503,30,14155,4/8/2020,TRUE,FALSE,,FALSE
0677-0149,Aurie Corson,504,40,383845,3/25/2021,FALSE,TRUE,4/12/2022,TRUE
9412-2856,Dede Duny,505,10,333754,10/3/2020,FALSE,TRUE,1/9/2022,TRUE
9760-3046,Caresse Wandrack,506,20,209620,2/1/2021,FALSE,TRUE,9/19/2022,TRUE
4889-3878,Titos Presidey,507,30,43328,6/14/2020,FALSE,TRUE,5/27/2021,TRUE
5841-7833,Loella Tourne,508,40,64651,12/19/2020,FALSE,TRUE,3/10/2022,TRUE
4306-3250,Sibyl Alkin,509,30,364966,8/24/2020,FALSE,TRUE,6/29/2022,TRUE
3837-1296,Bellina Cockroft,510,20,56486,6/13/2020,FALSE,FALSE,,FALSE
9629-3587,Brady Oriel,511,40,339561,11/26/2020,TRUE,FALSE,,FALSE
3993-0894,Jeniece Thornewill,512,10,371818,12/3/2021,FALSE,TRUE,11/25/2022,TRUE
1877-8315,Britt MacCague,513,40,438146,11/7/2021,FALSE,FALSE,,FALSE
2735-1948,Elie Doring,514,20,410856,2/16/2021,FALSE,TRUE,12/19/2022,TRUE
7341-1722,Constantia Seatter,515,40,445460,7/25/2020,TRUE,FALSE,,FALSE
8229-0618,Timothea Herkess,516,30,352181,7/21/2020,FALSE,TRUE,1/15/2023,TRUE
7608-3038,Osgood McEwen,517,40,456728,10/25/2020,FALSE,TRUE,3/16/2023,TRUE
3214-4637,Brien Bolderoe,518,30,198384,5/8/2022,TRUE,FALSE,,FALSE
4321-2899,Rollin Gippes,519,40,346289,7/4/2021,FALSE,FALSE,,FALSE
6968-8833,Betty Guilloneau,520,10,153503,3/12/2020,FALSE,FALSE,,TRUE
0757-0668,Josselyn McCart,521,20,151140,8/27/2021,FALSE,TRUE,9/28/2022,TRUE
4680-6990,Beitris Strathearn,522,30,201683,1/2/2022,FALSE,TRUE,2/16/2023,TRUE
0669-2073,Wallis Osipenko,523,20,479804,3/7/2022,FALSE,TRUE,8/26/2022,TRUE
5206-8913,Melantha Leitch,524,40,452642,11/11/2022,TRUE,FALSE,,FALSE
6931-8208,Lazar Rapson,525,30,376294,4/3/2022,FALSE,TRUE,6/24/2022,TRUE
0071-2254,Marylou Dimmock,526,10,192502,6/10/2021,FALSE,TRUE,1/28/2023,TRUE
3050-6178,Gabie Covendon,527,40,156268,9/12/2022,TRUE,FALSE,,FALSE
6152-2347,Robinet Charopen,528,30,20657,4/7/2021,FALSE,TRUE,6/7/2022,TRUE
3818-6667,Vinni Larmouth,529,20,389123,7/15/2021,TRUE,FALSE,,FALSE
2354-1789,Angil Pitcher,530,10,207330,11/3/2022,TRUE,FALSE,,FALSE
7517-1035,Gilligan De Clairmont,531,20,441570,12/20/2021,FALSE,TRUE,3/10/2022,TRUE
8320-2871,Cristy Jacobson,532,20,213465,7/5/2022,TRUE,FALSE,,FALSE
5512-3612,Dav Yare,533,20,220978,6/5/2020,FALSE,TRUE,11/4/2020,TRUE
5140-5533,Hamid Hambright,534,20,210914,11/9/2022,FALSE,TRUE,2/9/2023,TRUE
6448-9718,Andee Pucker,535,20,375908,1/31/2022,TRUE,FALSE,,FALSE
3347-9722,Allen Akitt,536,10,200149,4/10/2022,FALSE,TRUE,12/27/2022,TRUE
5861-3992,Honey Treace,537,10,363126,2/25/2020,FALSE,FALSE,,TRUE
7188-6855,Scarlet Fairpool,538,40,229880,12/21/2020,FALSE,TRUE,12/25/2021,TRUE
1748-3838,Susann Bestwall,539,30,196107,10/8/2021,TRUE,FALSE,,FALSE
5991-5587,Harlin Perfect,540,10,125500,7/28/2021,FALSE,TRUE,3/17/2023,TRUE
5367-0236,Cleveland Geare,541,30,270778,2/6/2022,FALSE,TRUE,1/9/2023,TRUE
2031-1100,Dallas Hairesnape,542,30,244664,9/22/2020,FALSE,TRUE,10/20/2022,TRUE
5158-9809,Karoly Mushawe,543,30,473222,1/26/2021,FALSE,TRUE,3/13/2023,TRUE
5740-6083,Lauren Lipyeat,544,20,30845,3/29/2020,FALSE,FALSE,,FALSE
7063-3745,Rafaela Castaner,545,40,111348,10/12/2020,FALSE,TRUE,2/18/2023,TRUE
9951-8968,Blisse Cawdron,546,40,27260,12/21/2022,TRUE,FALSE,,FALSE
9896-3653,Aldin Crebbin,547,30,312250,2/2/2020,FALSE,TRUE,10/4/2020,TRUE
0467-2119,Gerri Heigl,548,20,60987,3/27/2020,TRUE,FALSE,,FALSE
7845-3698,Justen Littlewood,549,10,240814,2/19/2020,TRUE,FALSE,,FALSE
7789-6197,Madonna Redshaw,550,30,416684,9/22/2020,FALSE,TRUE,1/26/2023,TRUE
2373-6103,Hildegarde Haskell,551,10,205706,3/25/2022,FALSE,TRUE,6/5/2022,TRUE
0056-9105,Maurie Deetlof,552,10,456135,5/21/2020,FALSE,FALSE,,TRUE
8939-8561,Royal Rosekilly,553,30,129190,10/13/2020,FALSE,FALSE,,FALSE
3937-6732,Cora Sahlstrom,554,40,496167,12/23/2020,FALSE,TRUE,6/20/2021,TRUE
9250-4876,Fidelio Bestwerthick,555,20,161903,12/30/2021,FALSE,FALSE,,FALSE
6416-9750,Stacia Abdee,556,30,359726,7/30/2021,TRUE,FALSE,,FALSE
8504-5272,Crysta Jenckes,557,10,418255,7/4/2021,FALSE,FALSE,,FALSE
9844-3066,Colby Braidley,558,10,30208,7/12/2022,TRUE,FALSE,,FALSE
2061-9168,Lindy Allard,559,20,408218,3/16/2021,TRUE,FALSE,,FALSE
3405-0621,Fletcher Durkin,560,30,231791,4/18/2020,FALSE,TRUE,8/29/2021,TRUE
9021-2952,Mathilda Skinn,561,10,397379,9/7/2022,TRUE,FALSE,,FALSE
8883-1617,Leonore Lawly,562,40,98807,3/8/2021,FALSE,FALSE,,TRUE
1586-4308,Malissa Tourner,563,30,492783,11/19/2021,FALSE,TRUE,7/5/2022,TRUE
0517-7173,Micky Glanville,564,30,210448,7/2/2022,TRUE,FALSE,,FALSE
8312-8062,Mildred Antoniak,565,30,299351,4/13/2020,FALSE,TRUE,1/29/2023,TRUE
9242-9440,Orsa List,566,30,182458,1/11/2021,FALSE,TRUE,8/10/2021,TRUE
3747-0260,Gregoire Rizzardini,567,40,438596,12/19/2021,FALSE,FALSE,,FALSE
7117-2374,Shana Martinat,568,10,499575,4/25/2020,TRUE,FALSE,,FALSE
6337-6852,Tadeo Workes,569,40,405623,6/17/2022,TRUE,FALSE,,FALSE
0118-4043,Marni Dugall,570,20,352813,12/27/2020,TRUE,FALSE,,FALSE
8206-1041,Bobbie Dugdale,571,10,434526,12/27/2021,FALSE,FALSE,,FALSE
8546-5881,Anitra Grimwad,572,30,262265,12/17/2020,FALSE,FALSE,,TRUE
4074-2177,Marty Bewfield,573,40,87013,3/15/2022,FALSE,TRUE,11/8/2022,TRUE
3038-9424,Etheline Marjoribanks,574,20,109488,12/16/2021,FALSE,TRUE,9/16/2022,TRUE
1887-2648,Everett Rosewall,575,20,408960,7/21/2021,FALSE,TRUE,1/25/2023,TRUE
7710-4203,Ofella Sweet,576,30,451568,6/16/2022,TRUE,FALSE,,FALSE
5000-4066,Lee Spadoni,577,10,259600,10/27/2022,TRUE,FALSE,,FALSE
9378-8177,Rae Boorman,578,40,273292,6/13/2020,FALSE,FALSE,,FALSE
5709-7613,Vincenty Janusz,579,20,57039,6/11/2021,FALSE,TRUE,12/12/2021,TRUE
2504-4894,Christi Willeson,580,10,125169,6/30/2020,FALSE,FALSE,,TRUE
8312-0363,Analiese Boarder,581,20,128420,1/7/2020,FALSE,TRUE,9/6/2021,TRUE
8214-0802,Hadley MacKaig,582,30,78221,2/13/2022,TRUE,FALSE,,FALSE
2130-7009,Lewes Chisholme,583,20,54895,7/23/2020,FALSE,TRUE,6/14/2022,TRUE
4503-9079,Artur Patterfield,584,30,362539,1/22/2021,FALSE,TRUE,12/19/2021,TRUE
3481-0315,Ferdinande Davidovitch,585,20,239018,9/19/2020,FALSE,TRUE,1/26/2022,TRUE
1131-8180,Caterina Goldthorpe,586,40,177359,8/1/2021,FALSE,FALSE,,FALSE
0803-3703,Viviana Worrill,587,30,458652,4/27/2022,TRUE,FALSE,,FALSE
6855-4022,Dorena Elacoate,588,20,17115,5/22/2021,FALSE,TRUE,4/29/2022,TRUE
2917-0082,Mellisent Tuhy,589,20,203343,10/5/2021,FALSE,FALSE,,FALSE
2265-3924,Fiann Murch,590,40,202790,10/15/2020,FALSE,TRUE,1/9/2023,TRUE
6011-2270,Scarface Duny,591,20,453718,12/27/2021,FALSE,TRUE,12/27/2022,TRUE
6200-1529,Glynis Burberye,592,40,360424,8/14/2022,TRUE,FALSE,,FALSE
8516-9482,Garrett Joscelyn,593,30,201308,4/2/2020,FALSE,TRUE,1/5/2021,TRUE
1779-2988,Rik Kubala,594,40,468732,2/28/2020,FALSE,FALSE,,TRUE
5179-8739,Ingram Mantrip,595,30,409590,8/29/2022,TRUE,FALSE,,FALSE
3634-7845,Marten Courvert,596,20,418785,1/18/2021,FALSE,FALSE,,TRUE
2521-8170,Giulia Skevington,597,20,175760,12/28/2021,FALSE,TRUE,1/5/2023,TRUE
8976-9851,Cal Borzoni,598,40,319533,5/18/2022,TRUE,FALSE,,FALSE
8206-4299,Ardelis Kimblen,599,30,122053,3/4/2020,FALSE,TRUE,3/15/2020,TRUE
5260-9983,Carmon Pencot,600,20,62457,7/10/2021,FALSE,FALSE,,FALSE
5855-5403,Laina Richford,601,10,372559,12/29/2020,FALSE,FALSE,,TRUE
6882-0473,Karoline Ivantsov,602,30,13796,4/22/2022,FALSE,FALSE,,FALSE
7207-7711,Stacey Primo,603,10,141859,3/16/2022,FALSE,TRUE,6/11/2022,TRUE
3834-7790,Hymie Drinkel,604,10,182574,9/7/2022,FALSE,TRUE,12/31/2022,TRUE
4433-1913,Therese Gowry,605,20,429223,11/17/2022,FALSE,FALSE,,TRUE
9410-9906,Adlai Degnen,606,40,145588,8/1/2022,FALSE,TRUE,9/25/2022,TRUE
7887-8793,Elberta Metcalfe,607,20,370451,3/11/2021,TRUE,FALSE,,FALSE
1337-6451,Darill Gier,608,40,396238,7/24/2020,FALSE,TRUE,9/8/2020,TRUE
9905-2378,Arleyne Westall,609,40,390109,5/5/2020,FALSE,FALSE,,TRUE
7977-2274,Xenia Kettle,610,40,360935,11/19/2021,FALSE,FALSE,,FALSE
1462-9105,Eolanda Gammage,611,30,250546,4/6/2021,TRUE,FALSE,,FALSE
1632-8758,Rosalinde Krug,612,30,225050,3/19/2020,FALSE,TRUE,1/8/2022,TRUE
0525-2438,Ralph Jobbins,613,20,26965,8/25/2022,FALSE,TRUE,3/17/2023,TRUE
6101-8042,Sharity Pigny,614,30,359556,4/30/2022,TRUE,FALSE,,FALSE
3993-3425,Ashlen Jozsika,615,40,479677,2/26/2020,FALSE,FALSE,,FALSE
0401-3332,Mikkel Blaxall,616,10,306625,12/2/2020,FALSE,TRUE,2/1/2022,TRUE
7191-2182,Ellis Paine,617,40,320673,10/7/2021,FALSE,TRUE,3/8/2023,TRUE
5048-7236,Livvie Jeremaes,618,30,348965,8/18/2022,FALSE,TRUE,11/14/2022,TRUE
9462-4033,Luelle Mallinson,619,10,408197,9/19/2022,TRUE,FALSE,,FALSE
0501-4454,Moll Franca,620,10,353017,7/12/2020,TRUE,FALSE,,FALSE
3920-8811,Nancie Landreth,621,20,124560,3/7/2021,FALSE,FALSE,,FALSE
9842-6681,Sergent Rolles,622,20,496919,4/10/2021,FALSE,FALSE,,FALSE
7709-5907,Tasia Pibsworth,623,30,28736,5/16/2021,FALSE,TRUE,7/8/2021,TRUE
8739-4042,Mari Stavers,624,20,143365,10/31/2022,TRUE,FALSE,,FALSE
1968-1770,Antonina Flescher,625,30,380511,7/8/2021,TRUE,FALSE,,FALSE
7825-0624,Nathaniel Guerrieri,626,10,183227,8/22/2022,FALSE,FALSE,,FALSE
1372-8437,Mariam Biesinger,627,30,47456,7/24/2022,TRUE,FALSE,,FALSE
0658-8867,Brandyn Van Hault,628,20,265021,7/24/2021,FALSE,TRUE,6/26/2022,TRUE
7449-2361,Vachel Boame,629,40,452506,1/12/2020,FALSE,TRUE,4/9/2020,TRUE
5974-8042,Trixie Vercruysse,630,10,361092,5/1/2020,FALSE,TRUE,9/6/2020,TRUE
4999-8325,Keslie Ealden,631,20,61924,2/17/2022,TRUE,FALSE,,FALSE
1611-4699,Othello Matschoss,632,40,475620,12/4/2022,TRUE,FALSE,,FALSE
0825-1155,Noreen MacIlwrick,633,10,115114,4/23/2021,FALSE,FALSE,,FALSE
1687-6139,Lauraine Tanslie,634,10,288930,4/1/2022,FALSE,TRUE,5/31/2022,TRUE
9018-9161,Nancie Connerry,635,10,161232,9/4/2021,TRUE,FALSE,,FALSE
3726-7430,Anabella Seath,636,30,193880,1/8/2021,FALSE,TRUE,1/27/2023,TRUE
8105-6386,Koo Kleinberer,637,30,62142,9/12/2020,FALSE,TRUE,3/15/2022,TRUE
9295-5050,Ofella Pope,638,40,497724,8/8/2021,TRUE,FALSE,,FALSE
5705-7795,Boniface Balke,639,30,359277,11/11/2021,FALSE,TRUE,12/3/2021,TRUE
6284-6832,Fleur Pridding,640,30,482792,11/17/2021,FALSE,TRUE,12/2/2022,TRUE
5468-6649,Adler Grumbridge,641,20,36470,9/24/2021,FALSE,TRUE,11/7/2022,TRUE
9155-1922,Eleonore Heningham,642,40,73880,4/16/2021,FALSE,TRUE,1/21/2023,TRUE
1420-9007,Eloise Roskelly,643,40,339078,7/16/2021,FALSE,TRUE,3/8/2022,TRUE
1638-0875,Germayne Brewitt,644,30,21871,3/14/2020,TRUE,FALSE,,FALSE
2133-6226,Shirline Swinn,645,10,135291,7/9/2021,FALSE,TRUE,2/5/2023,TRUE
5200-4820,Joshua Jacmard,646,30,447460,1/3/2020,FALSE,FALSE,,FALSE
1387-2594,Gearalt McGrory,647,40,366274,9/17/2021,FALSE,TRUE,9/17/2022,TRUE
1950-3607,Agnola Merdew,648,40,148748,3/19/2021,FALSE,TRUE,7/21/2021,TRUE
2916-9231,Reilly Van den Oord,649,30,370854,8/10/2022,FALSE,TRUE,3/13/2023,TRUE
6455-7963,Rutherford Hoopper,650,20,464814,7/7/2020,FALSE,FALSE,,TRUE
4590-1802,Wileen Simm,651,10,178819,7/14/2020,TRUE,FALSE,,FALSE
9993-9229,Muffin Howling,652,20,279716,8/10/2020,FALSE,TRUE,6/23/2022,TRUE
2899-1642,Loutitia Swain,653,40,166361,6/22/2020,FALSE,TRUE,8/16/2022,TRUE
7870-6050,Torrance Reede,654,30,320713,12/30/2021,TRUE,FALSE,,FALSE
2628-5865,Georgie Smiths,655,40,148363,10/28/2022,FALSE,TRUE,3/14/2023,TRUE
1459-0950,Lani Loughnan,656,40,486901,10/10/2021,FALSE,TRUE,12/2/2022,TRUE
6451-1579,Margi Turnbull,657,40,480522,3/12/2021,FALSE,TRUE,3/2/2023,TRUE
6326-1013,Kellyann Finlry,658,40,281868,6/29/2020,FALSE,TRUE,7/20/2020,TRUE
0896-7060,Tomaso Grolmann,659,10,280584,6/30/2022,TRUE,FALSE,,FALSE
3534-5921,Bibbie Savary,660,30,296311,2/17/2022,TRUE,FALSE,,FALSE
1407-3515,Phineas Quartly,661,40,102643,3/27/2020,TRUE,FALSE,,FALSE
4347-1429,Dehlia Grabbam,662,30,293911,9/15/2020,FALSE,TRUE,4/5/2021,TRUE
4202-7857,Lloyd Pringer,663,30,395304,12/10/2021,FALSE,TRUE,7/10/2022,TRUE
4658-8078,Garwood Ondricek,664,30,156951,4/18/2021,FALSE,FALSE,,FALSE
7406-9954,Celisse Ivison,665,40,64053,8/16/2020,FALSE,TRUE,6/10/2022,TRUE
8951-6223,Tades Brougham,666,10,172236,9/6/2022,FALSE,TRUE,10/26/2022,TRUE
8532-8810,Katalin Goundrill,667,30,254547,6/21/2020,FALSE,FALSE,,TRUE
1780-2785,Cliff Bassindale,668,20,496523,5/26/2020,FALSE,TRUE,6/21/2022,TRUE
9258-6789,Maynard Hefner,669,20,51194,1/6/2022,TRUE,FALSE,,FALSE
1937-6418,Melany Twinborough,670,10,416702,2/7/2022,FALSE,TRUE,3/12/2023,TRUE
4265-8147,Glyn O' Scallan,671,30,443630,10/24/2020,TRUE,FALSE,,FALSE
3561-7066,Peri Smedley,672,30,425132,10/23/2021,FALSE,TRUE,5/21/2022,TRUE
0676-3362,Bobina O'Cahill,673,20,439540,6/27/2020,FALSE,TRUE,12/15/2022,TRUE
1744-8125,Alidia Veltman,674,30,435192,6/9/2021,FALSE,TRUE,10/15/2022,TRUE
4114-9434,Corbin Lanceter,675,30,285422,7/15/2022,FALSE,TRUE,10/6/2022,TRUE
6710-3842,Sutherland Mallabar,676,10,26955,6/23/2021,FALSE,TRUE,10/30/2021,TRUE
0684-6966,Earlie Gusticke,677,40,55002,11/22/2020,FALSE,TRUE,10/16/2021,TRUE
5690-6702,Catha Lowther,678,30,297138,12/12/2021,FALSE,FALSE,,FALSE
9001-7361,Helen Corrao,679,10,227272,3/15/2021,FALSE,TRUE,8/19/2022,TRUE
1329-1689,Jamesy Metzig,680,30,95181,8/19/2020,FALSE,FALSE,,TRUE
8801-5863,Nathalie Huebner,681,30,264234,12/21/2021,TRUE,FALSE,,FALSE
9410-3958,Ramona Quinn,682,30,24560,6/25/2021,FALSE,TRUE,11/13/2022,TRUE
0547-4251,Yvor Antoniat,683,10,340013,1/30/2021,FALSE,FALSE,,TRUE
3337-4210,Mella Polak,684,20,271593,10/7/2022,FALSE,TRUE,2/17/2023,TRUE
3208-2455,Kennith Hanley,685,20,76775,10/6/2021,FALSE,FALSE,,FALSE
5503-5435,Lavinie Lampke,686,30,359699,12/21/2021,FALSE,TRUE,3/27/2022,TRUE
4471-1012,Brockie Voyce,687,20,190238,4/20/2021,FALSE,FALSE,,FALSE
7360-2395,Debee Beal,688,20,445790,3/28/2021,FALSE,TRUE,11/26/2021,TRUE
4405-9847,Bryana Anscott,689,30,158696,10/21/2020,FALSE,TRUE,3/16/2023,TRUE
0413-5420,Marlowe Casford,690,40,215998,1/2/2020,FALSE,TRUE,9/27/2022,TRUE
0863-4616,Nisse Pexton,691,30,63929,7/20/2021,TRUE,FALSE,,FALSE
3038-1406,Crystie Hum,692,20,162436,7/26/2020,TRUE,FALSE,,FALSE
6702-3330,Carlo Sigfrid,693,20,271263,11/17/2020,FALSE,TRUE,12/17/2020,TRUE
1706-7198,Bale Pfeffel,694,30,387059,11/4/2021,FALSE,TRUE,6/13/2022,TRUE
5169-0861,Ava Pepperrall,695,40,18782,11/6/2022,FALSE,TRUE,12/24/2022,TRUE
3823-1490,Nichol Allen,696,40,223955,7/26/2020,FALSE,FALSE,,TRUE
9304-6368,Ad Botwood,697,20,32626,1/4/2020,FALSE,FALSE,,FALSE
5228-7125,Josephina Dole,698,20,67346,4/4/2022,FALSE,TRUE,10/30/2022,TRUE
2904-9671,Gordon Corbishley,699,20,246801,11/17/2022,TRUE,FALSE,,FALSE
7176-5318,Rowan Collibear,700,10,245603,3/12/2020,TRUE,FALSE,,FALSE
6919-2919,Sheffy Parkins,701,20,313538,5/24/2022,TRUE,FALSE,,FALSE
9795-8531,Moses Monck,702,30,378105,2/24/2020,FALSE,FALSE,,TRUE
3993-7649,Filberto Matiashvili,703,40,186199,1/23/2022,FALSE,TRUE,1/23/2023,TRUE
1166-2856,Betteann Hansford,704,30,164772,7/8/2020,FALSE,FALSE,,FALSE
8986-7935,Trey Gresch,705,40,415500,1/11/2021,FALSE,TRUE,8/11/2022,TRUE
3636-1578,Ruy Middle,706,20,33774,12/23/2020,FALSE,FALSE,,TRUE
2770-7667,Egor Norway,707,10,114391,10/24/2021,FALSE,TRUE,2/24/2023,TRUE
7481-6403,Gisella Kimbrey,708,40,183398,2/12/2021,FALSE,TRUE,3/1/2023,TRUE
2010-4961,Lorry Colkett,709,20,482202,9/8/2022,TRUE,FALSE,,FALSE
9452-0170,Mike Whitcomb,710,40,45607,7/22/2022,FALSE,TRUE,1/18/2023,TRUE
2635-0427,Cleon Seczyk,711,30,220592,8/9/2020,FALSE,FALSE,,FALSE
3017-9324,Drona Megarrell,712,20,269475,10/17/2022,FALSE,FALSE,,FALSE
6667-6718,Camella Buttfield,713,10,16001,12/10/2022,TRUE,FALSE,,FALSE
7050-4103,Kalie Schultheiss,714,30,159346,10/2/2020,FALSE,TRUE,3/2/2022,TRUE
2251-8971,Brendin Grinstead,715,20,410690,10/6/2021,FALSE,TRUE,10/24/2022,TRUE
8704-8462,Emmott Melly,716,40,472713,8/10/2022,FALSE,TRUE,8/26/2022,TRUE
5038-2568,Ebony Gamlin,717,40,469588,1/17/2020,TRUE,FALSE,,FALSE
9935-3117,Virge de Quincey,718,20,249454,7/16/2022,TRUE,FALSE,,FALSE
2080-9552,Pepito Traves,719,30,495679,8/2/2021,FALSE,FALSE,,FALSE
8628-9643,Curtice Witcombe,720,20,60755,2/3/2021,FALSE,TRUE,2/14/2022,TRUE
6717-1300,Tabbitha Llewhellin,721,40,57361,5/27/2021,FALSE,FALSE,,FALSE
4569-6124,Hubert Fishpool,722,40,415692,11/27/2021,FALSE,FALSE,,FALSE
5137-0665,Alec Dedam,723,10,246546,7/24/2020,FALSE,FALSE,,FALSE
9927-1145,Monika Bickerton,724,30,488536,7/27/2022,TRUE,FALSE,,FALSE
6909-9672,Rosanne Ferres,725,20,439330,4/30/2022,FALSE,TRUE,7/29/2022,TRUE
0461-4835,Cy Shillam,726,30,131681,8/5/2021,FALSE,TRUE,4/13/2022,TRUE
6351-2358,Olag Matz,727,10,222362,7/30/2022,TRUE,FALSE,,FALSE
4508-2009,Jamison Cabane,728,40,81004,5/10/2020,FALSE,TRUE,1/3/2023,TRUE
3632-7208,Barbe Meece,729,10,442718,1/23/2022,TRUE,FALSE,,FALSE
0269-7933,Hephzibah Mollitt,730,30,44120,9/27/2020,FALSE,TRUE,4/29/2022,TRUE
9385-7678,Venus Etienne,731,40,242158,12/22/2021,FALSE,TRUE,7/30/2022,TRUE
7386-1725,Rockie Exeter,732,30,361341,12/11/2021,FALSE,FALSE,,FALSE
2099-3020,Brett Baraja,733,10,53330,7/22/2021,FALSE,FALSE,,FALSE
4952-2183,Sherie Juhruke,734,10,16826,12/7/2020,FALSE,TRUE,9/12/2021,TRUE
6399-2182,Foster Veldens,735,40,164854,2/4/2020,FALSE,TRUE,3/13/2022,TRUE
3202-4515,Luther Halt,736,40,120022,11/30/2021,TRUE,FALSE,,FALSE
7737-3950,Hyatt Philpott,737,20,159632,8/13/2021,FALSE,TRUE,2/4/2023,TRUE
4047-8984,Dorita O'Hickey,738,10,338880,9/16/2020,FALSE,FALSE,,TRUE
3385-6328,Thadeus Hessentaler,739,20,452013,5/24/2021,FALSE,FALSE,,FALSE
2569-8682,Chan Osipenko,740,10,491810,10/12/2020,FALSE,TRUE,5/10/2022,TRUE
6170-2854,Seana Niland,741,30,281433,2/2/2021,FALSE,TRUE,7/29/2022,TRUE
9243-4408,Windham Eddolls,742,40,91701,7/14/2021,TRUE,FALSE,,FALSE
1685-3141,Lib Mawhinney,743,20,370222,11/12/2020,FALSE,TRUE,12/2/2021,TRUE
1644-4745,Starr Mungham,744,40,295660,11/26/2022,TRUE,FALSE,,FALSE
2136-1508,Maggee Dalziel,745,40,254390,4/26/2020,FALSE,FALSE,,TRUE
5252-1519,Corri Matovic,746,10,337927,3/4/2022,TRUE,FALSE,,FALSE
3613-2418,Siegfried Vials,747,40,277222,10/1/2021,FALSE,TRUE,6/11/2022,TRUE
0786-0226,Doroteya Peake,748,10,115738,5/26/2022,FALSE,TRUE,8/26/2022,TRUE
8256-7427,Lacy Belvard,749,30,90442,4/21/2021,FALSE,FALSE,,FALSE
4117-0069,Viola Ready,750,30,481693,3/22/2022,TRUE,FALSE,,FALSE
9440-1792,Lona MacAulay,751,20,70320,5/19/2022,FALSE,TRUE,11/12/2022,TRUE
9044-8088,Polly Restall,752,10,229617,8/16/2022,FALSE,TRUE,12/10/2022,TRUE
3166-9697,Wilmer O'Canavan,753,40,354463,2/26/2020,FALSE,TRUE,8/31/2022,TRUE
5986-9100,Jori Paulet,754,20,226812,12/19/2021,FALSE,FALSE,,FALSE
5908-6795,Andy Sancias,755,10,473233,7/18/2020,FALSE,TRUE,8/30/2022,TRUE
1696-7668,Rebecka Messitt,756,40,101693,4/7/2021,FALSE,TRUE,10/3/2022,TRUE
9890-5097,Sigvard Fittes,757,20,353214,11/29/2020,TRUE,FALSE,,FALSE
3014-3473,Dora Matanin,758,40,389133,2/7/2022,FALSE,FALSE,,FALSE
4861-8940,Mufinella Odhams,759,30,215858,3/13/2020,FALSE,FALSE,,TRUE
7241-0621,Eli Bocke,760,30,38010,11/30/2020,FALSE,FALSE,,FALSE
9647-0793,Xaviera Cahalan,761,30,344339,7/8/2021,FALSE,FALSE,,FALSE
5472-8795,Federico Melburg,762,10,122052,9/16/2020,FALSE,TRUE,6/13/2022,TRUE
4857-1837,Dyan Elintune,763,20,9333,9/9/2020,FALSE,TRUE,9/30/2021,TRUE
9164-9594,Mano McLurg,764,30,206665,6/16/2020,FALSE,TRUE,2/9/2023,TRUE
3139-9519,Maire Limprecht,765,20,383900,11/4/2021,FALSE,TRUE,8/23/2022,TRUE
0767-4569,Chadwick Downgate,766,10,120867,9/7/2021,FALSE,FALSE,,FALSE
9125-2826,Northrop Forcade,767,20,178580,11/8/2020,FALSE,TRUE,2/25/2022,TRUE
5579-2739,Vince Allaker,768,30,129455,5/9/2022,TRUE,FALSE,,FALSE
9271-4360,Auberta Foley,769,20,432655,3/12/2021,FALSE,FALSE,,TRUE
9119-4314,Dimitry Toulch,770,20,98767,11/17/2021,TRUE,FALSE,,FALSE
3609-4981,Othella Doel,771,20,310955,4/27/2022,FALSE,TRUE,1/31/2023,TRUE
9782-1414,Arlen L'Episcopi,772,30,289609,6/17/2022,FALSE,TRUE,12/9/2022,TRUE
2079-4148,Orv Pedrocco,773,30,420833,10/27/2022,TRUE,FALSE,,FALSE
7462-4202,Silvio Janko,774,40,395449,4/3/2020,FALSE,TRUE,10/26/2022,TRUE
7838-3798,Taylor Rocco,775,20,103819,11/8/2021,FALSE,TRUE,11/28/2022,TRUE
0530-1830,Anissa Withers,776,30,193374,3/25/2020,FALSE,TRUE,10/6/2021,TRUE
4764-8844,Woodrow Kornes,777,20,257952,7/8/2021,FALSE,TRUE,10/20/2022,TRUE
4025-1814,Zorina Cosser,778,20,185976,3/19/2022,TRUE,FALSE,,FALSE
2276-4990,Jill Attarge,779,20,495101,9/12/2020,FALSE,TRUE,12/5/2022,TRUE
8566-8534,Adria Abley,780,10,390554,7/31/2020,FALSE,TRUE,8/31/2020,TRUE
6362-1609,Alis Potteridge,781,40,111433,8/4/2022,FALSE,TRUE,9/10/2022,TRUE
9282-7134,Ingeberg Crasford,782,30,257812,4/7/2021,FALSE,TRUE,10/20/2022,TRUE
1670-3020,Giorgia Chessum,783,40,214627,10/22/2020,FALSE,TRUE,3/14/2023,TRUE
7301-0139,Gigi Kruszelnicki,784,30,209718,5/22/2021,TRUE,FALSE,,FALSE
8266-6939,Kort Dignall,785,40,173291,7/26/2021,FALSE,TRUE,12/30/2022,TRUE
7521-1754,Cymbre Hosten,786,40,128925,11/15/2022,FALSE,TRUE,12/4/2022,TRUE
7103-8480,Clare Melladew,787,20,243902,6/5/2021,FALSE,TRUE,12/1/2022,TRUE
4616-9763,Christyna Fain,788,10,468562,7/16/2021,FALSE,FALSE,,FALSE
7725-3557,Dario Squires,789,10,402648,8/19/2020,FALSE,FALSE,,TRUE
3101-0230,Margret Thorby,790,10,189362,3/28/2022,FALSE,TRUE,10/31/2022,TRUE
6810-4676,Geoffry Brewers,791,40,147254,4/8/2020,FALSE,TRUE,3/15/2023,TRUE
6381-4819,Ernestus Mastrantone,792,10,198399,3/18/2021,FALSE,TRUE,2/4/2023,TRUE
6721-5852,Sabrina De Winton,793,40,234760,12/5/2021,TRUE,FALSE,,FALSE
5653-4495,Gregorio Claxson,794,10,385430,9/18/2022,TRUE,FALSE,,FALSE
2348-9610,Brooks Mayho,795,30,456843,3/17/2021,FALSE,FALSE,,TRUE
5831-4645,Ariella Mulvenna,796,20,301325,4/18/2022,TRUE,FALSE,,FALSE
1462-3154,Emelda Boscher,797,10,385461,4/11/2020,FALSE,TRUE,4/17/2022,TRUE
6346-9118,Edwin Enser,798,40,302224,12/21/2022,TRUE,FALSE,,FALSE
8160-9362,Giffy Gilford,799,30,492785,9/10/2022,FALSE,TRUE,12/28/2022,TRUE
0272-9075,Yorgos Bolles,800,40,319928,10/26/2021,FALSE,TRUE,12/17/2021,TRUE
9983-8905,Beverly Keirle,801,10,242332,6/9/2020,TRUE,FALSE,,FALSE
5350-5208,Chrystel Rihosek,802,20,99932,10/17/2021,FALSE,FALSE,,FALSE
2691-4801,Jay Alaway,803,20,85640,12/28/2020,FALSE,TRUE,2/26/2022,TRUE
4653-3938,Maggy Liversedge,804,40,194226,12/31/2021,FALSE,TRUE,2/10/2023,TRUE
3861-7917,Doreen Teasell,805,10,395131,9/17/2021,FALSE,FALSE,,FALSE
0446-2651,Carley Sealey,806,30,83545,12/7/2021,FALSE,FALSE,,FALSE
2609-4129,Silvia Grundey,807,30,393938,12/24/2022,FALSE,TRUE,3/15/2023,TRUE
7214-5365,Ileane Plevey,808,30,454421,1/27/2021,FALSE,TRUE,8/31/2022,TRUE
1955-3236,Connor Lartice,809,10,469536,12/1/2021,FALSE,FALSE,,FALSE
8752-0661,Hamid Dampney,810,10,246614,5/25/2021,FALSE,FALSE,,FALSE
9118-1602,Der Inns,811,40,60391,2/3/2021,FALSE,TRUE,1/14/2023,TRUE
8590-4294,Bathsheba Wilbud,812,30,341948,11/28/2021,FALSE,FALSE,,FALSE
4384-8974,Pinchas Heppenspall,813,10,244458,7/21/2022,FALSE,FALSE,,TRUE
3987-5523,Corella Urlin,814,10,259439,4/10/2022,TRUE,FALSE,,FALSE
6985-7782,Amery Hackney,815,30,273345,11/23/2022,TRUE,FALSE,,FALSE
3585-0179,Obidiah McPolin,816,20,228208,10/22/2021,FALSE,TRUE,11/2/2022,TRUE
3887-1603,Vikki Sappson,817,40,454847,8/30/2020,FALSE,TRUE,11/20/2021,TRUE
1935-0549,Herby Selwyn,818,10,41275,1/5/2020,FALSE,TRUE,3/12/2022,TRUE
4815-9959,Carroll Hunnicutt,819,30,465175,12/16/2021,FALSE,FALSE,,FALSE
8792-2245,Teddy O'Lennane,820,40,77145,7/4/2022,TRUE,FALSE,,FALSE
3674-9967,Korie Harley,821,20,286587,8/21/2022,FALSE,TRUE,10/9/2022,TRUE
3500-4402,Cirilo Mithun,822,40,92599,8/9/2020,FALSE,FALSE,,TRUE
4681-4048,Olly Esland,823,10,54367,2/3/2022,TRUE,FALSE,,FALSE
3358-6277,Sandye Jaouen,824,20,266221,2/12/2021,FALSE,TRUE,6/6/2022,TRUE
6824-8796,Serene Giral,825,30,402631,3/17/2022,FALSE,TRUE,9/13/2022,TRUE
6993-7854,Luce O'Dreain,826,30,49692,2/21/2020,FALSE,FALSE,,FALSE
8211-9859,Elena Heijne,827,30,350016,9/21/2022,FALSE,FALSE,,FALSE
2430-5957,Gery Hallin,828,30,292654,10/15/2020,FALSE,TRUE,12/27/2021,TRUE
6949-3806,Calla Lines,829,10,404474,1/13/2021,FALSE,FALSE,,FALSE
5494-2910,Caria Gerrish,830,10,90636,5/20/2020,FALSE,TRUE,7/30/2021,TRUE
7626-5143,Dagny Yandell,831,10,360937,2/13/2022,FALSE,FALSE,,FALSE
6461-7698,Stefa Earley,832,10,158407,8/30/2022,FALSE,TRUE,3/6/2023,TRUE
1734-4205,Gavrielle Bernardin,833,10,255138,4/23/2021,FALSE,TRUE,3/4/2023,TRUE
0219-6434,Roana Van Geffen,834,10,190422,8/23/2020,FALSE,TRUE,12/8/2022,TRUE
9641-2062,Boyd Sidwell,835,20,396986,12/14/2021,FALSE,TRUE,1/28/2022,TRUE
3973-4523,Hilario Ewenson,836,20,258807,6/27/2021,FALSE,TRUE,5/30/2022,TRUE
7854-9755,Harcourt Cockrill,837,30,306266,10/6/2022,TRUE,FALSE,,FALSE
1702-0059,Cary Gatcliff,838,20,442275,10/28/2020,FALSE,FALSE,,TRUE
9945-1871,Fidel Blessed,839,30,50598,9/30/2022,TRUE,FALSE,,FALSE
9979-9441,Elva Pirozzi,840,40,493771,11/15/2022,FALSE,TRUE,2/6/2023,TRUE
8704-2882,Sherie Larkkem,841,20,404970,5/8/2020,FALSE,TRUE,2/21/2021,TRUE
2422-8507,Mill Drewes,842,30,348029,10/5/2021,TRUE,FALSE,,FALSE
9300-6142,Inessa Bengochea,843,40,435832,9/25/2022,FALSE,TRUE,10/2/2022,TRUE
6929-2497,Chrissy Barles,844,40,451691,7/10/2022,TRUE,FALSE,,FALSE
0827-8785,Arni Malyon,845,10,24914,1/14/2020,TRUE,FALSE,,FALSE
7566-0866,Giacopo Usmar,846,40,306234,1/27/2021,FALSE,TRUE,2/7/2023,TRUE
6367-7147,Theodore Itchingham,847,30,66210,4/1/2022,FALSE,TRUE,5/24/2022,TRUE
2867-8266,Temp Plumb,848,30,278722,12/26/2021,FALSE,TRUE,6/17/2022,TRUE
9967-8077,Dee dee Birkenshaw,849,30,352869,10/31/2020,FALSE,TRUE,9/29/2022,TRUE
9818-1350,Abram Ashcroft,850,30,304107,10/17/2020,FALSE,TRUE,10/23/2020,TRUE
2568-1328,Galvan Swatten,851,10,290461,4/26/2021,FALSE,FALSE,,FALSE
5158-3757,Abbye Linney,852,10,324309,4/10/2020,FALSE,FALSE,,FALSE
2290-6689,Kippie Preshaw,853,30,481287,6/17/2022,TRUE,FALSE,,FALSE
3952-2439,Rodolph Callf,854,10,284386,12/20/2021,FALSE,TRUE,2/28/2022,TRUE
1590-5569,Arlee Lackie,855,30,221745,6/26/2021,TRUE,FALSE,,FALSE
7641-8255,Carmella Tejada,856,10,317080,11/17/2020,FALSE,TRUE,10/12/2021,TRUE
1252-0430,Ted Girardot,857,40,366574,1/11/2020,FALSE,FALSE,,FALSE
0883-4208,Shea Danelutti,858,40,434478,2/3/2020,FALSE,TRUE,11/5/2022,TRUE
4208-8900,Rorie Jacquemard,859,40,372751,12/21/2020,FALSE,FALSE,,TRUE
8997-1328,Binnie Urvoy,860,10,364644,2/2/2020,FALSE,TRUE,9/12/2020,TRUE
1159-2981,Fredia Prater,861,30,137440,4/26/2021,FALSE,TRUE,4/28/2022,TRUE
2247-0696,Berk Laherty,862,40,109324,8/24/2021,FALSE,TRUE,12/28/2021,TRUE
7139-1209,Leticia Jaxon,863,30,110244,9/21/2020,FALSE,TRUE,1/15/2023,TRUE
4293-5550,Inez Chatters,864,40,180133,7/7/2020,TRUE,FALSE,,FALSE
4981-3470,Glyn Brazear,865,40,203850,6/29/2021,FALSE,FALSE,,FALSE
6139-2731,Almira Hawkswood,866,20,148540,4/22/2020,TRUE,FALSE,,FALSE
9554-9861,Ephrayim Arsmith,867,30,485895,4/21/2021,FALSE,TRUE,9/18/2022,TRUE
9789-3530,Gabriel Damarell,868,10,232747,10/15/2020,FALSE,FALSE,,FALSE
0089-0100,Gavan Farrell,869,40,329960,5/30/2021,FALSE,FALSE,,FALSE
5113-4493,Clayton Jaine,870,10,265215,3/1/2022,TRUE,FALSE,,FALSE
0304-0118,Sigmund Ellings,871,10,395080,12/7/2022,FALSE,TRUE,12/15/2022,TRUE
6915-5543,Nerte Rotherforth,872,40,187232,2/13/2021,FALSE,TRUE,11/7/2022,TRUE
0680-7486,Derrick Conant,873,10,431950,7/16/2021,TRUE,FALSE,,FALSE
7253-8243,Janot Cotes,874,20,471057,1/9/2021,FALSE,TRUE,3/12/2021,TRUE
9835-2261,Alvin Elmore,875,40,375717,10/19/2021,FALSE,TRUE,12/13/2022,TRUE
7694-0591,Sadye Aleksashin,876,30,225319,12/22/2021,TRUE,FALSE,,FALSE
1726-9333,Mic Billham,877,30,484055,1/2/2020,FALSE,TRUE,6/3/2020,TRUE
3825-3839,Waneta Dearl,878,20,302279,9/1/2021,TRUE,FALSE,,FALSE
8663-5730,Willa Adamek,879,30,269777,2/11/2022,TRUE,FALSE,,FALSE
2951-0829,Armand Bankes,880,10,347754,2/1/2022,FALSE,TRUE,7/28/2022,TRUE
0621-6990,Matty Luetkemeyers,881,20,106599,4/11/2021,FALSE,TRUE,10/18/2021,TRUE
7758-4743,Adelbert Berresford,882,20,191807,2/23/2020,FALSE,TRUE,6/16/2022,TRUE
7252-5620,Leonid Bouller,883,20,473628,5/18/2021,FALSE,TRUE,3/8/2023,TRUE
8180-8778,Guthrie Lutas,884,10,330114,3/21/2020,FALSE,FALSE,,TRUE
2569-3592,Electra Josham,885,30,481848,6/30/2021,FALSE,TRUE,12/30/2021,TRUE
5942-2788,Kori Cron,886,20,216564,4/16/2021,FALSE,FALSE,,FALSE
4407-3258,Jacinda Bortol,887,40,368978,10/23/2022,FALSE,FALSE,,FALSE
0528-7001,Kaila Wareing,888,30,404045,1/3/2022,FALSE,TRUE,3/8/2023,TRUE
0430-1867,Alva Dickman,889,10,363640,1/29/2020,FALSE,TRUE,5/24/2022,TRUE
1634-1459,Tabor Hearnshaw,890,30,54446,11/21/2021,FALSE,TRUE,11/24/2022,TRUE
2995-5660,Denice Sutter,891,10,308418,8/28/2021,FALSE,TRUE,9/24/2022,TRUE
9056-7710,Enrique Culp,892,20,234239,9/14/2020,TRUE,FALSE,,FALSE
0681-1591,Hertha Glidden,893,30,240184,1/27/2022,FALSE,TRUE,8/2/2022,TRUE
9115-7767,Leonie Maciunas,894,10,245786,7/28/2020,FALSE,FALSE,,TRUE
0925-4145,Donia Hilland,895,20,310733,8/10/2021,FALSE,TRUE,1/19/2022,TRUE
1625-4895,Andy Wordley,896,30,103931,1/21/2020,TRUE,FALSE,,FALSE
7045-0333,Yehudi Palley,897,10,436245,6/2/2020,FALSE,FALSE,,TRUE
8529-6320,Leonie Whisby,898,40,186206,11/24/2020,FALSE,FALSE,,FALSE
3377-5607,Leola Trynor,899,10,165717,8/8/2021,FALSE,TRUE,9/15/2022,TRUE
8897-3513,Carmencita Moyes,900,40,452469,1/13/2021,FALSE,TRUE,10/16/2021,TRUE
3430-2651,Mareah Varran,901,10,277859,8/27/2021,FALSE,TRUE,9/1/2022,TRUE
4868-5906,Paulette Sanderson,902,10,277377,4/19/2020,FALSE,TRUE,12/4/2020,TRUE
2355-2463,Dede Goligly,903,40,241122,12/7/2020,FALSE,TRUE,3/6/2023,TRUE
6121-7287,Kile Caple,904,10,35265,7/22/2022,FALSE,TRUE,3/11/2023,TRUE
4775-0660,Dallis Marte,905,10,25198,4/4/2020,FALSE,TRUE,11/27/2020,TRUE
2299-8607,Audre Voak,906,30,465756,3/27/2022,FALSE,TRUE,9/21/2022,TRUE
8019-0510,Farlie Colleton,907,30,30426,6/18/2020,FALSE,TRUE,8/17/2022,TRUE
5583-0775,Joelie Shimmans,908,30,272148,5/21/2020,FALSE,FALSE,,TRUE
1863-1831,Trace Arrington,909,30,399112,12/4/2021,FALSE,TRUE,2/14/2022,TRUE
8859-2342,Wally Portman,910,40,326970,11/6/2021,FALSE,FALSE,,FALSE
0892-9936,Glyn Waghorn,911,20,406449,8/5/2020,FALSE,FALSE,,FALSE
5396-7803,Loralie Antyshev,912,30,123409,4/6/2020,FALSE,FALSE,,TRUE
5380-5222,Sargent Pooly,913,20,479269,4/6/2020,FALSE,FALSE,,TRUE
3381-1474,Drud Luetkemeyer,914,10,422185,5/14/2022,TRUE,FALSE,,FALSE
5509-2086,Lizzy Heater,915,20,168423,7/5/2021,FALSE,TRUE,10/7/2022,TRUE
0158-9259,Shannon D'Ugo,916,30,473631,5/7/2020,FALSE,FALSE,,TRUE
4704-5997,Bram Stanborough,917,40,130398,10/3/2022,TRUE,FALSE,,FALSE
0009-6762,Cherrita Woodcroft,918,30,108148,11/1/2022,FALSE,TRUE,2/21/2023,TRUE
6176-8804,Kyle Konig,919,10,218605,5/5/2021,FALSE,FALSE,,FALSE
2647-6246,Ali Vinau,920,10,93812,2/10/2022,TRUE,FALSE,,FALSE
0220-1724,Georgie Andreia,921,40,274125,12/28/2022,FALSE,TRUE,1/2/2023,TRUE
6888-8940,Obidiah McGeffen,922,20,316961,7/19/2020,FALSE,FALSE,,TRUE
2208-7437,Raymund Hosburn,923,20,189348,8/5/2022,TRUE,FALSE,,FALSE
8486-8425,Maggy Devin,924,40,396759,9/4/2021,FALSE,TRUE,8/23/2022,TRUE
9969-5971,Irwinn Grossman,925,20,34941,2/26/2022,TRUE,FALSE,,FALSE
9058-1015,Beatrice Brewins,926,30,447511,8/13/2022,TRUE,FALSE,,FALSE
5596-2626,Kennett Partlett,927,30,57867,12/12/2022,TRUE,FALSE,,FALSE
1027-3666,Ralf Palmby,928,10,348405,4/25/2021,FALSE,FALSE,,FALSE
5447-8219,Eleni Stiggles,929,20,363113,7/9/2020,FALSE,TRUE,7/31/2020,TRUE
0847-3833,Fredelia Kubista,930,10,153401,12/20/2020,FALSE,FALSE,,TRUE
8293-3020,Sargent Torbeck,931,20,438113,7/2/2022,TRUE,FALSE,,FALSE
4434-4481,Avril Payle,932,30,289629,10/16/2020,FALSE,TRUE,6/24/2022,TRUE
4427-7433,Tanhya Mawdsley,933,30,118939,11/17/2022,TRUE,FALSE,,FALSE
3694-0417,Waverley Orpwood,934,10,94924,12/24/2021,FALSE,FALSE,,FALSE
3858-0467,Mitch Lamblin,935,20,138160,2/3/2020,FALSE,TRUE,3/25/2022,TRUE
5995-8308,Loralie Saladin,936,40,487174,3/12/2022,FALSE,FALSE,,FALSE
5428-6825,Reinwald Schumacher,937,20,383667,10/7/2022,TRUE,FALSE,,FALSE
9714-6742,Veronique Kerfod,938,20,91209,6/3/2022,FALSE,TRUE,11/20/2022,TRUE
4704-7570,Terza Blaine,939,20,95121,8/30/2022,FALSE,TRUE,9/13/2022,TRUE
0857-8876,Bee Maypole,940,40,277181,3/19/2020,FALSE,FALSE,,TRUE
1993-8050,Celestyn Cholomin,941,10,62120,3/8/2022,FALSE,TRUE,10/1/2022,TRUE
1165-2578,Esteban Iacoboni,942,40,477600,11/1/2022,TRUE,FALSE,,FALSE
2285-6243,Corabelle Handaside,943,40,340861,6/9/2022,FALSE,TRUE,10/22/2022,TRUE
7845-9459,Chickie Milazzo,944,10,300551,1/3/2021,TRUE,FALSE,,FALSE
6221-3149,Diandra Gillespey,945,10,31733,7/3/2020,FALSE,TRUE,2/4/2021,TRUE
4080-4916,Kaja Bagwell,946,20,237272,3/20/2020,TRUE,FALSE,,FALSE
0861-8868,Bessie Jobb,947,10,422199,2/13/2021,TRUE,FALSE,,FALSE
9628-4425,Angelika Esler,948,10,106773,1/15/2020,FALSE,TRUE,7/30/2022,TRUE
0357-4301,Aggie Lober,949,10,124492,7/13/2021,FALSE,TRUE,11/7/2021,TRUE
1065-0767,Tracy Smeall,950,10,435563,5/29/2022,FALSE,TRUE,9/13/2022,TRUE
2554-9800,Linn Biagioni,951,40,489743,6/16/2022,TRUE,FALSE,,FALSE
1753-1583,Correna Cluely,952,20,210564,11/10/2022,TRUE,FALSE,,FALSE
2290-2877,Cassandre Cisneros,953,10,269340,6/12/2020,FALSE,FALSE,,FALSE
4777-5863,Sheffield Blance,954,20,380091,12/23/2022,TRUE,FALSE,,FALSE
0736-1523,Richart Treadgold,955,40,235909,8/22/2021,FALSE,TRUE,10/9/2022,TRUE
8592-4982,Noble Trewhella,956,30,289553,11/21/2020,FALSE,FALSE,,TRUE
8304-4873,Rafaelita Cove,957,20,11329,4/19/2020,FALSE,FALSE,,FALSE
9427-9649,Linnie Jellyman,958,30,187896,4/14/2020,TRUE,FALSE,,FALSE
9270-6654,Etty Waleworke,959,20,297610,12/10/2022,FALSE,TRUE,2/18/2023,TRUE
8535-8310,Lyndell McLemon,960,10,290787,7/4/2020,FALSE,TRUE,2/21/2023,TRUE
0379-0262,Demetris Sommerling,961,30,351809,6/25/2022,TRUE,FALSE,,FALSE
5800-8094,Selig Akister,962,10,499548,6/8/2020,FALSE,TRUE,2/23/2023,TRUE
4468-0636,Peg Frew,963,40,494435,6/25/2021,FALSE,FALSE,,FALSE
6076-4297,Obadias Gon,964,30,372883,1/10/2022,FALSE,TRUE,10/22/2022,TRUE
4491-7902,Herb Boomes,965,10,482305,4/9/2021,FALSE,TRUE,7/14/2021,TRUE
0198-8537,Waverley Boram,966,40,425671,6/3/2020,FALSE,TRUE,12/23/2021,TRUE
1728-9634,Janna Woolnough,967,10,74707,10/14/2020,FALSE,TRUE,10/4/2022,TRUE
2485-1237,Ron Furneaux,968,20,324502,2/19/2020,FALSE,FALSE,,TRUE
0974-5538,Mariquilla Ary,969,10,447052,9/22/2021,FALSE,TRUE,6/2/2022,TRUE
8325-5795,Lezlie Moryson,970,20,95751,9/6/2021,FALSE,FALSE,,FALSE
7191-7464,Charita Pendall,971,20,202918,8/8/2020,FALSE,TRUE,7/9/2021,TRUE
7974-0133,Herby Paulich,972,10,86531,11/6/2021,FALSE,TRUE,4/15/2022,TRUE
4742-7690,Denny Nazair,973,20,407962,12/5/2020,FALSE,FALSE,,TRUE
5491-2412,Ardath Boarder,974,30,209623,3/4/2021,FALSE,FALSE,,FALSE
5242-8510,Kalil Poon,975,10,421651,8/18/2020,TRUE,FALSE,,FALSE
7865-7049,Gilda Pegden,976,20,188868,11/10/2022,TRUE,FALSE,,FALSE
2577-5040,Farlee Percy,977,40,441011,7/17/2020,FALSE,FALSE,,FALSE
7910-0266,Lainey Masding,978,40,192309,7/30/2022,FALSE,TRUE,1/13/2023,TRUE
2649-4439,Pepita Weild,979,40,154232,2/14/2022,FALSE,TRUE,7/16/2022,TRUE
2611-1068,Carter Aldus,980,10,197737,4/4/2020,FALSE,TRUE,8/19/2020,TRUE
7890-0614,Kermit Cossam,981,10,399322,10/28/2021,TRUE,FALSE,,FALSE
7196-5322,Lacie Monte,982,10,251905,2/24/2021,TRUE,FALSE,,FALSE
7129-7925,Lenee Atthow,983,20,266853,10/11/2021,FALSE,FALSE,,FALSE
0383-5723,Eamon Bullon,984,10,331540,10/20/2021,FALSE,FALSE,,FALSE
7341-6686,Viviana O'Heyne,985,40,91267,11/29/2020,FALSE,TRUE,8/5/2021,TRUE
4598-8912,Mellisent Mardoll,986,40,359007,6/5/2022,TRUE,FALSE,,FALSE
2442-1038,Maryanne LeEstut,987,30,67609,10/26/2022,FALSE,TRUE,2/7/2023,TRUE
9025-7421,Bancroft Wakefield,988,40,67992,6/7/2020,FALSE,FALSE,,TRUE
2066-5946,Danell Brighty,989,10,64632,6/7/2020,FALSE,FALSE,,TRUE
7120-4400,Patton Beggan,990,20,46449,6/27/2020,TRUE,FALSE,,FALSE
2697-6443,Ingunna Luto,991,40,176480,5/20/2021,FALSE,TRUE,2/22/2023,TRUE
1208-5584,Taber Beyer,992,10,498192,9/10/2021,TRUE,FALSE,,FALSE
1894-3100,Demetri McEnhill,993,10,293317,6/3/2021,FALSE,TRUE,2/13/2022,TRUE
6312-3257,Dalli Chazotte,994,20,400435,1/18/2020,FALSE,FALSE,,TRUE
3028-8543,Dianemarie Rigg,995,30,100005,7/17/2021,TRUE,FALSE,,FALSE
0606-0101,Gwendolen Klaggeman,996,40,122348,1/14/2022,FALSE,TRUE,8/8/2022,TRUE
1618-5723,Silvia Sail,997,20,131265,5/14/2022,FALSE,TRUE,11/20/2022,TRUE
1478-8510,Kamila Skene,998,40,217457,1/24/2021,FALSE,TRUE,3/7/2022,TRUE
7278-5479,Florencia MacQuarrie,999,40,189370,3/12/2021,FALSE,TRUE,9/21/2022,TRUE
5909-4985,Lucia Diffley,1000,10,374462,7/8/2022,FALSE,TRUE,11/23/2022,TRUE
