CASAID,Channel,Amount,TxnDate,Location,AcntName,DestAcntNo,SourceAcntNo,TxnTime,SuccessFg,TxnType
1,30,6233,2/1/2020,Dampol,Abigale Sympson,,4354-9676,6:20 PM,TRUE,20
2,20,4485,2/3/2020,Tinambac,Celestina Deakins,,3833-0225,7:57 AM,TRUE,30
3,20,8624,2/16/2020,Prinza,Mic Billham,,1726-9333,7:08 PM,TRUE,30
4,30,2622,2/21/2020,Bolilao,Valeria Deville,,4788-2112,6:23 PM,TRUE,30
5,20,6269,2/22/2020,Carot,Angelika Esler,,9628-4425,1:29 AM,TRUE,30
6,10,6646,2/27/2020,,Vachel Boame,,7449-2361,8:43 PM,TRUE,30
7,20,1612,2/28/2020,Mapulo,Angelika Esler,2979-7522,9628-4425,5:01 PM,FALSE,10
8,10,2876,3/7/2020,,Elyssa Ballchin,,2753-4925,6:40 AM,TRUE,30
9,30,6144,3/16/2020,Bagulin,Rosemarie Bleackly,6753-7440,1684-6703,3:54 PM,TRUE,10
10,20,8132,3/22/2020,Alicia,Aldin Crebbin,,9896-3653,12:58 AM,TRUE,20
11,10,2072,4/1/2020,,Shea Danelutti,,0883-4208,1:51 PM,TRUE,40
12,30,7475,4/5/2020,Sangali,Vachel Boame,0530-1830,7449-2361,7:41 AM,FALSE,10
13,20,3577,4/14/2020,Bulacan,Carter Aldus,,2611-1068,2:57 PM,FALSE,30
14,20,8420,4/14/2020,Lagawe,Celestina Deakins,4165-2235,3833-0225,10:06 PM,TRUE,10
15,10,4509,4/20/2020,,Fay Normandale,,5516-3722,1:26 PM,TRUE,20
16,20,2272,4/27/2020,Dian-ay,Adelbert Berresford,6280-4410,7758-4743,3:07 AM,TRUE,10
17,20,4811,4/29/2020,Sirib,Dallis Marte,8312-8062,4775-0660,3:54 PM,FALSE,10
18,10,9373,5/10/2020,,Carter Aldus,,2611-1068,1:00 PM,TRUE,30
19,30,514,5/11/2020,Ibabang Tayuman,Ferdy Swatton,6810-4676,3015-6755,3:15 AM,TRUE,10
20,30,8285,5/12/2020,Bagong Pagasa,Teriann Glede,,9355-2893,12:16 AM,FALSE,20
21,20,9633,5/28/2020,Sampagar,Cliff Bassindale,,1780-2785,2:12 PM,FALSE,30
22,30,8775,6/2/2020,Jolo,Jamison Cabane,,4508-2009,4:57 AM,FALSE,40
23,30,6835,6/8/2020,San Vicente,Whittaker Mahady,4433-1913,1938-3835,5:28 PM,FALSE,10
24,20,9353,6/8/2020,Jaro,Dalli Chazotte,8549-7498,6312-3257,6:04 PM,FALSE,10
25,30,5586,6/9/2020,Paiisa,Teriann Glede,,9355-2893,5:46 AM,TRUE,30
26,30,5063,6/13/2020,San Joaquin,Marlowe Casford,,0413-5420,10:24 PM,TRUE,20
27,20,4249,6/16/2020,Monkayo,Paulette Sanderson,,4868-5906,10:54 PM,FALSE,20
28,20,1973,6/21/2020,Caticugan,Walt Atcheson,,3452-7365,5:41 PM,FALSE,40
29,10,7670,6/23/2020,,Teriann Glede,,9355-2893,2:04 AM,FALSE,20
30,20,3180,6/27/2020,Muñoz East,Hinda Grubb,,9178-1994,9:56 PM,FALSE,40
31,30,5947,7/6/2020,Marsada,Binnie Urvoy,,8997-1328,10:40 AM,TRUE,40
32,20,6006,7/13/2020,Majayjay,Cassandre Cisneros,4265-8147,2290-2877,3:52 PM,FALSE,10
33,20,2249,7/15/2020,Urdaneta,Eleni Stiggles,7484-4038,5447-8219,5:42 PM,FALSE,10
34,10,6289,7/18/2020,,Kellyann Finlry,,6326-1013,8:27 PM,TRUE,20
35,30,7886,7/19/2020,Catarman,Benedick Brookesbie,,2185-1679,1:30 PM,TRUE,40
36,30,8877,7/22/2020,Polo,Cassandre Cisneros,5233-6398,2290-2877,11:44 PM,TRUE,10
37,30,691,7/28/2020,Santa Monica,Eleni Stiggles,,5447-8219,9:54 PM,FALSE,40
38,30,6136,8/9/2020,Sabtang,Loutitia Swain,,2899-1642,8:51 PM,TRUE,40
39,10,134,8/10/2020,,Paulette Sanderson,1684-8914,4868-5906,11:52 PM,FALSE,10
40,20,3952,8/10/2020,Binalonan,Carter Aldus,,2611-1068,11:21 AM,FALSE,20
41,20,5698,8/11/2020,Busdi,Loralie Antyshev,2160-0209,5396-7803,10:42 AM,TRUE,10
42,30,5673,8/12/2020,San Rafael,Darill Gier,6005-9066,1337-6451,8:11 PM,TRUE,10
43,20,4648,8/12/2020,Masiga,Darill Gier,9163-7958,1337-6451,4:02 AM,TRUE,10
44,10,1123,8/16/2020,,Artemas Vigar,,0131-3684,11:53 AM,FALSE,30
45,10,5294,8/18/2020,,Adria Abley,,8566-8534,7:42 AM,FALSE,40
46,10,3512,8/19/2020,,Aldin Crebbin,4636-0098,9896-3653,3:20 PM,TRUE,10
47,20,9397,8/27/2020,Pantukan,Celisse Ivison,,7406-9954,12:59 PM,FALSE,20
48,30,1237,8/27/2020,Alimono,Mozes Pyecroft,8229-0618,5307-7423,11:17 PM,TRUE,10
49,20,4822,8/30/2020,Andres Bonifacio,Karine McRinn,,8630-0716,4:22 PM,TRUE,40
50,20,624,9/1/2020,Agdangan,Lorie Mattschas,,6180-2019,5:25 PM,FALSE,20
51,30,7449,9/5/2020,Dinahican,Kalie Leask,4384-8974,7091-1936,7:28 AM,FALSE,10
52,10,8277,9/9/2020,,Rochell Vitall,,8421-6493,11:45 PM,FALSE,40
53,10,9905,9/11/2020,,Shannon D'Ugo,,0158-9259,5:20 AM,TRUE,30
54,30,3169,9/21/2020,New Cebu,Rae Boorman,,9378-8177,11:37 PM,TRUE,20
55,10,209,9/22/2020,,Adelbert Berresford,8592-4982,7758-4743,5:20 AM,FALSE,10
56,20,1178,9/22/2020,Balas,Fay Normandale,9537-4656,5516-3722,9:16 PM,TRUE,10
57,10,6527,9/23/2020,,Robinia Piscot,5880-6291,8443-5359,10:38 AM,TRUE,10
58,30,2954,9/25/2020,Burgos,Benedick Brookesbie,,2185-1679,7:13 AM,TRUE,20
59,10,1734,9/27/2020,,Cordell Scahill,,0572-1467,6:22 PM,TRUE,40
60,30,9861,9/27/2020,Mungo,Shannon D'Ugo,,0158-9259,4:33 AM,TRUE,20
61,20,3570,9/28/2020,Concepcion,Donetta Fawdry,,4102-0290,4:55 AM,TRUE,30
62,20,3969,9/30/2020,Gumalang,Dehlia Grabbam,1096-2262,4347-1429,5:38 AM,TRUE,10
63,10,2105,10/1/2020,,Lyndsie Belly,,9026-2548,7:05 AM,TRUE,20
64,30,3008,10/4/2020,Bulasa,Lorie Mattschas,,6180-2019,10:47 PM,TRUE,30
65,10,5714,10/5/2020,,Marlowe Casford,,0413-5420,12:52 PM,FALSE,30
66,30,1393,10/8/2020,Sumilao,Lyndsie Belly,,9026-2548,7:49 AM,FALSE,40
67,10,3074,10/16/2020,,Vince Cabotto,,7913-2789,12:52 PM,TRUE,20
68,10,548,10/17/2020,,Lyndsie Belly,9182-0045,9026-2548,12:16 PM,TRUE,10
69,20,5168,10/20/2020,Damawato,Loraine Grayne,7139-1209,1143-5294,12:27 AM,TRUE,10
70,20,1055,10/20/2020,Baylo,Abram Ashcroft,,9818-1350,11:56 PM,FALSE,30
71,10,6518,10/21/2020,,Vale Merrigans,,0196-0166,7:09 PM,FALSE,30
72,20,6162,10/23/2020,Olutanga,Meg Dobbins,,7274-0821,6:13 AM,TRUE,30
73,20,3937,11/4/2020,Rizal,Waverley Boram,,0198-8537,9:56 PM,TRUE,30
74,30,5179,11/5/2020,Vigan,Betsey Laugharne,,8411-3883,4:55 PM,FALSE,30
75,30,2574,11/5/2020,Buluangan,Merle Blabey,,5535-7469,11:27 AM,TRUE,30
76,20,8813,11/8/2020,Ibaan,Engracia Hutt,5652-5492,8508-7988,11:37 AM,TRUE,10
77,20,9881,11/9/2020,Dayapan,Christophe Schonfeld,9025-7421,1372-1049,7:05 AM,TRUE,10
78,10,241,11/11/2020,,Engracia Hutt,,8508-7988,2:52 AM,FALSE,40
79,20,7828,11/17/2020,Cantao-an,Nevile Tortice,,3789-4588,6:00 PM,FALSE,30
80,30,8811,11/18/2020,San Francisco,Dallas Hairesnape,2265-3924,2031-1100,1:54 AM,TRUE,10
81,10,5115,11/18/2020,,Christophe Schonfeld,,1372-1049,8:58 AM,TRUE,40
82,10,6711,11/20/2020,,Fonsie Dwelly,,3770-1955,11:24 AM,TRUE,30
83,10,8774,11/21/2020,,Goddard Elintune,,6401-4465,9:46 PM,TRUE,30
84,30,1415,11/21/2020,Paraiso,Katey Brisson,,4089-8918,2:27 AM,TRUE,40
85,10,6857,11/23/2020,,Lauren Lipyeat,,5740-6083,8:52 AM,TRUE,20
86,20,4774,11/26/2020,Zamboanguita,Lib Mawhinney,1728-9634,1685-3141,9:56 AM,TRUE,10
87,20,9152,11/26/2020,Indang,Giacinta Speariett,,4444-8471,9:40 PM,TRUE,40
88,10,4674,12/3/2020,,Padgett Horsburgh,,7484-4038,7:57 PM,TRUE,20
89,30,526,12/4/2020,Talabaan,Cary Gatcliff,,1702-0059,2:12 AM,FALSE,20
90,30,7519,12/8/2020,Kulaman,Donnie Arnal,,1952-5288,12:56 PM,FALSE,30
91,20,8503,12/8/2020,Bukid,Gilbert Laister,,7115-8869,7:34 AM,TRUE,20
92,20,6607,12/12/2020,Rosario,Carlo Sigfrid,9998-0986,6702-3330,2:47 AM,FALSE,10
93,10,9162,12/16/2020,,Vivie Saker,8532-8810,3147-5764,2:39 PM,FALSE,10
94,30,315,12/18/2020,Taloy,Sibyl Alkin,2545-4271,4306-3250,12:08 AM,TRUE,10
95,20,4513,12/20/2020,Pontian,Clarette Gonthard,,0916-5080,5:04 AM,TRUE,20
96,10,5894,12/21/2020,,Lucila Ilett,,5036-9429,7:47 AM,TRUE,20
97,30,835,12/21/2020,Tampocon,Engracia Hutt,,8508-7988,2:51 AM,TRUE,40
98,30,2359,12/22/2020,Sabangan,Earlie Gusticke,,0684-6966,9:09 PM,TRUE,40
99,30,8130,12/23/2020,Songculan,Marlowe Casford,,0413-5420,6:49 PM,FALSE,40
100,20,9699,12/24/2020,Tiaong,Chan Osipenko,,2569-8682,2:37 AM,FALSE,30
101,30,7552,12/28/2020,Bulalacao,Cora Sahlstrom,,3937-6732,7:24 AM,FALSE,30
102,20,7127,12/31/2020,Sindangan,Hedda Clogg,,0949-4223,11:30 AM,FALSE,30
103,30,5456,1/1/2021,Silab,Fonsie Dwelly,,3770-1955,8:08 PM,FALSE,20
104,20,8288,1/1/2021,Legrada,Madella Eilhart,,1427-2235,5:53 AM,TRUE,40
105,10,8477,1/2/2021,,Wileen Simm,,4590-1802,2:50 AM,TRUE,30
106,20,4507,1/10/2021,Tawan tawan,Findley Varcoe,,7697-8451,10:04 AM,TRUE,40
107,20,3757,1/13/2021,Tuburan,Garrard Loiterton,,9743-1894,11:21 AM,TRUE,20
108,20,9786,1/14/2021,San Agustin,Krystle McCalister,,0133-0745,3:41 AM,TRUE,40
109,30,7614,1/14/2021,Alilem,Christophe Schonfeld,,1372-1049,2:58 PM,TRUE,40
110,20,9554,1/14/2021,Barra,Dedra Piletic,,7673-3940,8:52 PM,TRUE,30
111,20,1097,1/16/2021,Daguma,Gregg Seton,,7645-8299,12:16 AM,TRUE,20
112,10,1241,1/21/2021,,Alva Dickman,,0430-1867,6:36 AM,TRUE,20
113,30,5201,1/23/2021,Cabcaben,Jay Alaway,,2691-4801,1:29 AM,FALSE,20
114,20,3321,1/25/2021,Laguilayan,Asher Frear,,6216-3123,5:34 AM,FALSE,30
115,10,8668,1/28/2021,,Roana Van Geffen,0702-6371,0219-6434,12:49 PM,TRUE,10
116,30,4116,2/3/2021,Cauayan,Andy Sancias,,5908-6795,9:47 AM,FALSE,20
117,20,1864,2/3/2021,Bulu,Welsh Mulhall,1961-2090,8396-7223,1:00 PM,FALSE,10
118,10,3046,2/4/2021,,Lyndsie Gyngell,,0957-9440,2:22 AM,TRUE,40
119,30,6751,2/5/2021,Katuli,Emile O'Fihily,,7390-2220,3:39 AM,FALSE,30
120,10,6548,2/9/2021,,Kalie Leask,9042-5034,7091-1936,4:58 PM,FALSE,10
121,20,5224,2/10/2021,Bago City,Henrie Fere,,0103-9919,2:13 PM,FALSE,20
122,20,5005,2/11/2021,Santa Fe,Giacopo Usmar,,7566-0866,4:18 PM,TRUE,40
123,30,4110,2/14/2021,Nagcarlan,Boony Willbond,,5537-0830,5:37 PM,FALSE,20
124,10,5656,2/14/2021,,Creigh Jenking,,5572-3152,6:03 AM,FALSE,20
125,30,277,2/15/2021,Lupo,Anitra Grimwad,,8546-5881,12:20 PM,FALSE,20
126,20,3925,2/18/2021,Ungus-Ungus,Jamison Cabane,,4508-2009,6:31 AM,TRUE,20
127,20,3403,2/18/2021,Guiset East,Boony Willbond,3726-7430,5537-0830,8:39 PM,FALSE,10
128,10,8038,2/20/2021,,Giacopo Usmar,,7566-0866,6:08 PM,FALSE,40
129,10,4459,2/21/2021,,Calla Lines,,6949-3806,12:04 AM,TRUE,40
130,30,3736,2/22/2021,Margen,Waite Copozio,,9786-8078,7:00 AM,FALSE,20
131,10,2380,2/25/2021,,Fernanda Paudin,,9998-0986,1:52 PM,TRUE,30
132,20,638,2/25/2021,Rizal,Lib Mawhinney,,1685-3141,5:22 PM,TRUE,20
133,10,7041,3/4/2021,,Seana Niland,8628-9643,6170-2854,5:18 PM,FALSE,10
134,30,7550,3/8/2021,Basco,Fletcher Durkin,7481-6403,3405-0621,9:39 PM,TRUE,10
135,10,7560,3/11/2021,,Northrop Forcade,,9125-2826,12:45 PM,TRUE,40
136,10,818,3/14/2021,,Sloane Spilling,,3586-4816,3:45 PM,TRUE,30
137,20,9539,3/15/2021,Amagbagan,Loella Tourne,,5841-7833,4:48 AM,TRUE,40
138,10,2537,3/17/2021,,Dewey McCullough,,2720-4074,1:11 PM,FALSE,40
139,10,1490,3/19/2021,,Titos Presidey,,4889-3878,4:53 AM,TRUE,30
140,30,2737,3/19/2021,Santo Domingo,Mia Bresnen,,2807-2765,8:16 AM,TRUE,20
141,20,8155,3/21/2021,Rimpeso,Walt Atcheson,,3452-7365,7:29 AM,TRUE,40
142,30,2156,3/21/2021,Alemanguan,Lucienne Meys,,6527-4026,8:27 PM,TRUE,30
143,10,2270,3/22/2021,,Der Inns,,9118-1602,4:21 PM,FALSE,20
144,10,9562,3/24/2021,,Analiese Boarder,,8312-0363,2:14 PM,TRUE,30
145,30,7930,3/25/2021,Pindangan Centro,Persis Kingzeth,,8157-3765,5:15 AM,FALSE,30
146,10,8761,3/28/2021,,Gabriel Damarell,2899-1642,9789-3530,4:38 AM,TRUE,10
147,20,2508,4/4/2021,Adela,Chickie Milazzo,2577-5040,7845-9459,5:22 AM,FALSE,10
148,30,287,4/6/2021,Maribong,Maxy Frantz,3149-1673,6214-8018,3:14 PM,TRUE,10
149,20,9484,4/7/2021,Gatbo,Chan Osipenko,5367-1621,2569-8682,6:47 PM,TRUE,10
150,20,845,4/10/2021,Bukid,Kaile Clowney,6404-2242,8111-3524,9:40 PM,FALSE,10
151,20,4611,4/11/2021,Cabcaben,Abbye Linney,,5158-3757,3:30 AM,TRUE,20
152,10,7836,4/13/2021,,Cleve McOrkil,,9205-5374,6:25 PM,TRUE,30
153,20,4607,4/14/2021,Lipa City,Paten Fellon,,2760-2066,9:08 AM,TRUE,30
154,20,8517,4/15/2021,Concepcion,Matty Luetkemeyers,,0621-6990,3:25 PM,FALSE,40
155,20,5670,4/15/2021,Libas,Chan Osipenko,,2569-8682,3:13 PM,TRUE,20
156,30,4316,4/16/2021,San Isidro,Paten Fellon,,2760-2066,12:42 AM,TRUE,40
157,10,2735,4/17/2021,,Dewey McCullough,6381-4819,2720-4074,5:41 PM,FALSE,10
158,30,2710,4/17/2021,Quezon City,Kamila Skene,,1478-8510,8:11 PM,TRUE,20
159,10,2983,4/19/2021,,Julianne Gude,,2621-3019,4:57 PM,TRUE,40
160,10,7976,4/21/2021,,Chan Osipenko,,2569-8682,5:28 PM,TRUE,20
161,30,6172,4/24/2021,Mendez-Nuñez,Faythe Ellyatt,,6404-2242,7:18 PM,TRUE,40
162,10,6390,4/25/2021,,Edmon Denacamp,,4589-8084,7:55 PM,TRUE,30
163,20,5172,4/25/2021,Malusac,Giacinta Speariett,,4444-8471,6:33 PM,TRUE,40
164,30,1714,4/25/2021,Santa Teresa First,Findley Varcoe,6404-2242,7697-8451,4:28 AM,FALSE,10
165,30,841,4/27/2021,Manticao,Raul Ladbrook,2697-6443,2836-8809,6:48 AM,FALSE,10
166,20,3634,5/2/2021,Botao,Lindsey Schimoni,5200-4820,5430-3295,10:56 PM,TRUE,10
167,20,8287,5/2/2021,Sulop,Cullan Jouhning,9001-7361,1026-4196,7:20 AM,FALSE,10
168,20,2960,5/3/2021,Boñgalon,Shea Braam,,2063-2016,5:27 PM,TRUE,30
169,30,3534,5/5/2021,Bacalan,Roana Van Geffen,,0219-6434,12:37 AM,TRUE,20
170,10,4205,5/5/2021,,Berta De Cruz,,5002-9723,10:25 PM,TRUE,20
171,30,1598,5/6/2021,Sula,Nevile Tortice,,3789-4588,7:22 PM,TRUE,30
172,10,6193,5/8/2021,,Cleon Seczyk,,2635-0427,9:08 AM,TRUE,40
173,30,8013,5/9/2021,Payapa,Tierney Dunderdale,,8738-0014,5:21 PM,TRUE,40
174,30,9999,5/9/2021,Layog,Willi Scutcheon,,4636-0098,10:49 AM,TRUE,40
175,20,1786,5/10/2021,Santiago,Anne-corinne Waleworke,1173-3662,3114-3770,1:09 PM,FALSE,10
176,30,1757,5/10/2021,Beberon,Sandye Sivell,1670-3020,4290-6383,2:26 AM,FALSE,10
177,30,756,5/11/2021,Carig,Sergent Rolles,,9842-6681,5:38 AM,FALSE,40
178,30,9242,5/14/2021,Cabangan,Sanders Ruddoch,4407-3258,2641-5720,10:27 AM,TRUE,10
179,20,6335,5/14/2021,Del Pilar,Sigvard Fittes,,9890-5097,9:10 PM,TRUE,20
180,10,4323,5/14/2021,,Jay Alaway,6993-7854,2691-4801,6:26 AM,FALSE,10
181,20,6165,5/14/2021,Mamburao,Fredia Prater,,1159-2981,8:43 PM,TRUE,20
182,20,5979,5/18/2021,Pitogo,Harrie Carrett,,2440-8393,1:55 PM,TRUE,30
183,10,780,5/20/2021,,Lyndsie Belly,3208-2455,9026-2548,4:14 PM,FALSE,10
184,30,6049,5/20/2021,Mabalacat,Willi Scutcheon,3405-0621,4636-0098,8:15 AM,TRUE,10
185,20,7731,5/20/2021,Catarman,Ad Botwood,0302-4472,9304-6368,2:00 AM,FALSE,10
186,30,2260,5/20/2021,Ramos,Kaile Clowney,,8111-3524,9:34 PM,TRUE,20
187,20,3099,5/21/2021,Luna,Issy Watkiss,2697-6443,3704-9279,5:21 PM,FALSE,10
188,20,8952,5/21/2021,Buenavista,Jae Busher,3358-6277,9776-3042,7:45 PM,FALSE,10
189,30,8198,5/23/2021,Limbaan,Waite Copozio,,9786-8078,1:05 PM,FALSE,20
190,30,5991,5/24/2021,Guadalupe,Lethia Purveys,,5240-1127,12:23 AM,FALSE,20
191,20,5497,5/24/2021,Dapdap,Tasia Pibsworth,,7709-5907,10:22 PM,TRUE,40
192,30,8134,5/30/2021,Montecillo,Lewie Janeczek,,8221-5443,11:54 AM,TRUE,40
193,10,8656,5/30/2021,,Kaile Clowney,,8111-3524,4:01 AM,FALSE,40
194,30,8561,6/3/2021,Bunol,Mia Bresnen,5137-0665,2807-2765,5:57 AM,TRUE,10
195,30,1839,6/4/2021,Santo Domingo,Halette Ream,,6280-4410,7:00 PM,FALSE,40
196,10,5687,6/5/2021,,Tatiania Futter,,8772-0869,11:11 AM,TRUE,20
197,10,524,6/6/2021,,Herb Boomes,4685-6979,4491-7902,11:08 AM,TRUE,10
198,30,9249,6/8/2021,Esperanza,Lyndsie Gyngell,2483-2200,0957-9440,10:13 PM,FALSE,10
199,10,6167,6/9/2021,,Charlot Stovine,,1740-6743,12:10 PM,TRUE,30
200,10,3283,6/9/2021,,Dyan Elintune,,4857-1837,10:56 PM,FALSE,20
201,30,3372,6/9/2021,Binitayan,Katinka Ottewill,,6806-5544,3:19 PM,FALSE,30
202,10,450,6/9/2021,,Quinlan Yerill,,3627-4786,8:05 PM,TRUE,20
203,10,9537,6/11/2021,,Mia Bresnen,,2807-2765,5:02 PM,TRUE,40
204,30,4617,6/11/2021,President Roxas,Creigh Jenking,,5572-3152,1:28 AM,TRUE,30
205,20,6627,6/15/2021,Binonga,Wilhelmina Wolpert,,2884-5320,2:05 AM,TRUE,30
206,30,9732,6/15/2021,Piña,Waverley Boram,8592-4982,0198-8537,10:12 PM,TRUE,10
207,30,7580,6/15/2021,Quipot,Herb Boomes,,4491-7902,7:23 AM,TRUE,30
208,10,4363,6/19/2021,,Cora Sahlstrom,,3937-6732,12:11 PM,TRUE,40
209,10,230,6/20/2021,,Lindsey Schimoni,,5430-3295,6:04 AM,FALSE,30
210,30,589,6/20/2021,Lilio,Germayne Brewitt,7199-8801,1638-0875,4:24 PM,TRUE,10
211,20,2741,6/21/2021,Kotkot,Giacinta Speariett,,4444-8471,10:42 AM,TRUE,20
212,20,9868,6/22/2021,Mabasa,Donetta Fawdry,,4102-0290,11:51 AM,TRUE,30
213,20,8896,6/22/2021,Sabtang,Scarlet Fairpool,,7188-6855,10:54 AM,TRUE,40
214,30,5304,6/22/2021,Looc,Vikki Sappson,,3887-1603,8:01 PM,TRUE,30
215,30,5181,6/24/2021,Glan,Sissie Padwick,8035-8402,0811-9945,10:21 AM,FALSE,10
216,10,5328,6/30/2021,,Galvan Swatten,7673-3940,2568-1328,5:53 AM,TRUE,10
217,20,2638,6/30/2021,Alimono,Viviana O'Heyne,,7341-6686,11:09 AM,FALSE,40
218,30,6928,7/3/2021,Compostela,Faythe Ellyatt,7608-3038,6404-2242,4:00 AM,TRUE,10
219,10,1889,7/3/2021,,Tammara McGuggy,,2244-9995,8:26 PM,FALSE,20
220,10,5026,7/4/2021,,Philbert Christou,,0920-5574,3:26 AM,TRUE,30
221,20,6280,7/5/2021,Boljoon,Ad Botwood,7825-0624,9304-6368,8:51 PM,FALSE,10
222,10,1682,7/5/2021,,Lishe Longthorne,6107-6628,0130-3592,7:47 AM,FALSE,10
223,20,725,7/6/2021,Del Rosario,Sandye Jaouen,,3358-6277,10:43 PM,TRUE,40
224,30,8246,7/10/2021,Manat,Findley Varcoe,8521-1819,7697-8451,12:13 AM,TRUE,10
225,20,3746,7/13/2021,Banos,Hakim Kimberly,,7772-2158,11:53 PM,FALSE,20
226,10,1847,7/16/2021,,Bonny Colmer,,7286-7409,7:56 PM,TRUE,40
227,10,1493,7/16/2021,,Quinlan Yerill,,3627-4786,8:21 PM,TRUE,20
228,10,4481,7/17/2021,,Lacie Monte,,7196-5322,10:46 PM,TRUE,30
229,30,8326,7/18/2021,Cordon,Agnola Merdew,,1950-3607,12:04 PM,TRUE,20
230,30,7986,7/25/2021,Banaba,Jasper Cortes,,8032-9536,3:13 AM,TRUE,40
231,10,4839,7/26/2021,,Tierney Dunderdale,,8738-0014,3:00 AM,FALSE,20
232,10,7035,7/26/2021,,Shana Martinat,,7117-2374,1:19 PM,TRUE,20
233,30,2221,7/28/2021,Naguilian,Sofie McCroary,7286-7409,8453-9143,11:30 PM,FALSE,10
234,20,7425,7/29/2021,Albuera,Electra Josham,,2569-3592,12:03 AM,TRUE,20
235,20,7389,8/2/2021,Limbalod,Eudora Sumnall,,7296-6827,7:03 AM,FALSE,30
236,30,1414,8/3/2021,Mamonit,Eli Bocke,8628-9643,7241-0621,6:26 AM,FALSE,10
237,20,2240,8/4/2021,Libas,Morgan Yancey,9647-0793,8928-1169,5:08 PM,TRUE,10
238,20,3739,8/5/2021,Luksuhin,Sara Neeson,,2121-1407,12:49 PM,TRUE,40
239,20,2544,8/5/2021,Cabugao,Zondra Pougher,3017-9324,7607-5185,4:04 PM,FALSE,10
240,30,2305,8/6/2021,San Vicente,Carmella Tejada,1740-6743,7641-8255,12:52 PM,FALSE,10
241,20,6316,8/8/2021,Tarangnan,Ileane Plevey,6699-4453,7214-5365,9:29 PM,TRUE,10
242,10,4468,8/8/2021,,Sara Neeson,1252-0430,2121-1407,3:56 AM,TRUE,10
243,10,8962,8/8/2021,,Edmon Denacamp,,4589-8084,10:10 PM,FALSE,40
244,30,6167,8/8/2021,Tuban,Sutherland Mallabar,,6710-3842,11:54 AM,TRUE,20
245,10,2617,8/8/2021,,Harrie Carrett,1113-8590,2440-8393,8:58 PM,TRUE,10
246,30,2211,8/9/2021,Dapdapan,Stacia Abdee,0658-8867,6416-9750,10:25 AM,TRUE,10
247,30,6635,8/9/2021,Paiisa,Case Iacapucci,,1269-1867,1:01 AM,TRUE,20
248,30,6535,8/9/2021,Sillon,Germayne Brewitt,,1638-0875,12:05 PM,TRUE,20
249,20,7141,8/10/2021,Buenavista,Bentley Bartalucci,,5277-9729,3:22 PM,TRUE,40
250,10,4422,8/14/2021,,Leonie Whisby,,8529-6320,5:36 PM,TRUE,20
251,20,9816,8/15/2021,Caibiran,Nancie Landreth,,3920-8811,4:13 AM,TRUE,30
252,30,5916,8/18/2021,Montecillo,Cullan Jouhning,,1026-4196,8:59 PM,TRUE,40
253,20,3586,8/23/2021,Santa Catalina,Rod Landsborough,,5122-4791,9:53 AM,FALSE,20
254,20,4003,8/24/2021,Maria Cristina,Carmella Tejada,,7641-8255,5:05 AM,FALSE,40
255,20,4445,8/24/2021,Pongol,Emelda Boscher,,1462-3154,5:06 AM,FALSE,40
256,30,1799,8/26/2021,Kawayan,Rafaela Castaner,5158-8230,7063-3745,12:49 AM,TRUE,10
257,20,2603,8/26/2021,Polo,Blinnie Bullman,,7231-0737,9:46 PM,TRUE,30
258,30,5641,8/26/2021,Culianin,Denyse Chattock,,5366-9835,7:15 PM,TRUE,40
259,10,1490,8/27/2021,,Anissa Withers,,0530-1830,4:38 AM,TRUE,40
260,20,9842,8/29/2021,Santa Fe,Ashlen Jozsika,,3993-3425,11:38 AM,TRUE,30
261,30,4471,8/29/2021,Urdaneta,Hi Kegley,,9575-2296,7:55 AM,TRUE,30
262,30,4912,8/29/2021,Flora,Aigneis Kinnar,,4346-9999,12:33 AM,TRUE,20
263,20,1694,8/30/2021,Alabat,Skipton Saltmarsh,,5309-2568,1:24 PM,TRUE,40
264,10,5775,8/31/2021,,Ramona Quinn,0196-0166,9410-3958,2:17 AM,FALSE,10
265,20,2881,8/31/2021,Matingain,Gerri Heigl,7077-6800,0467-2119,9:38 AM,FALSE,10
266,30,5772,9/1/2021,San Vicente,Carlynne Boaler,,3555-0246,3:30 PM,TRUE,40
267,30,4307,9/2/2021,Mapulo,Osgood McEwen,1427-2235,7608-3038,8:08 AM,TRUE,10
268,10,2766,9/3/2021,,Woodrow Kornes,,4764-8844,3:30 AM,TRUE,30
269,20,2795,9/5/2021,Magsaysay,Zonda Marzella,8231-9804,3167-7615,5:58 PM,TRUE,10
270,20,9669,9/6/2021,Impalutao,Sherie Juhruke,,4952-2183,7:33 AM,TRUE,30
271,10,5442,9/7/2021,,Issy Watkiss,,3704-9279,10:30 AM,FALSE,20
272,20,5132,9/8/2021,Tupsan,Gavan Farrell,9121-3132,0089-0100,3:51 AM,TRUE,10
273,10,509,9/9/2021,,Junette Fleetwood,6882-0473,7368-3615,6:37 PM,FALSE,10
274,10,2002,9/10/2021,,Garwood Ondricek,,4658-8078,2:39 AM,TRUE,20
275,10,2518,9/11/2021,,Josselyn McCart,3377-5607,0757-0668,9:26 AM,TRUE,10
276,10,7843,9/11/2021,,Morgan Yancey,,8928-1169,12:22 AM,FALSE,20
277,30,4611,9/12/2021,Binabaan,Xaviera Cahalan,,9647-0793,12:48 AM,TRUE,20
278,30,7430,9/13/2021,Acli,Dede Duny,,9412-2856,8:20 AM,TRUE,40
279,20,218,9/13/2021,Calibutbut,Lauren Lipyeat,,5740-6083,9:24 AM,TRUE,40
280,30,8549,9/13/2021,Macapsing,Sutherland Mallabar,0089-0100,6710-3842,1:29 PM,TRUE,10
281,20,3771,9/13/2021,Rebe,Aggie Lober,7199-8801,0357-4301,12:03 PM,FALSE,10
282,20,9047,9/16/2021,Lilio,Sandy von Hagt,,5190-2009,1:18 AM,TRUE,40
283,30,8943,9/17/2021,Barong,Leticia Jaxon,7338-7130,7139-1209,8:11 PM,FALSE,10
284,30,2560,9/18/2021,Balangkayan,Brett Baraja,,2099-3020,4:50 PM,FALSE,40
285,30,6939,9/21/2021,San Esteban,Oates Stolberg,,1247-5840,9:43 PM,TRUE,20
286,30,7071,9/21/2021,Bagong Sikat,Ailey Morando,,5669-1019,5:27 PM,TRUE,40
287,20,2517,9/21/2021,Sigay,Lezlie Moryson,,8325-5795,10:03 AM,TRUE,30
288,10,3284,9/22/2021,,Matty Luetkemeyers,,0621-6990,6:03 AM,FALSE,40
289,30,5445,9/22/2021,Bunol,Glyn O' Scallan,2899-1642,4265-8147,7:52 AM,TRUE,10
290,10,8032,9/25/2021,,Julianne Gude,,2621-3019,7:42 PM,FALSE,40
291,30,6627,9/25/2021,Dobdoban,Lewes Chisholme,9378-8177,2130-7009,2:45 PM,FALSE,10
292,10,6395,9/25/2021,,Debee Beal,,7360-2395,2:23 PM,TRUE,30
293,20,7869,9/28/2021,Limanancong,Jae Busher,,9776-3042,8:27 AM,TRUE,30
294,10,7372,9/28/2021,,Jasper Cortes,,8032-9536,9:34 PM,FALSE,30
295,30,9210,9/28/2021,Rizal,Debee Beal,,7360-2395,3:55 PM,TRUE,30
296,10,1348,9/30/2021,,Mikkel Blaxall,,0401-3332,1:56 AM,FALSE,30
297,20,4136,10/1/2021,Bulasa,Gabby Sproston,,3168-4240,10:13 PM,FALSE,40
298,10,5158,10/1/2021,,Hedda Clogg,1164-8866,0949-4223,9:42 AM,TRUE,10
299,10,3200,10/4/2021,,Noach Hoyle,3430-2651,4732-6961,7:55 AM,TRUE,10
300,10,489,10/5/2021,,Josselyn McCart,,0757-0668,10:01 PM,TRUE,30
301,20,9252,10/7/2021,Nalus,Ephrayim Arsmith,,9554-9861,3:22 PM,FALSE,20
302,20,5850,10/9/2021,San Francisco,Tessa Bignell,,6217-9288,5:32 AM,TRUE,20
303,30,1195,10/9/2021,Dumingag,Hilario Ewenson,,3973-4523,3:26 PM,FALSE,40
304,10,5437,10/10/2021,,Harrie Carrett,5491-2412,2440-8393,2:25 PM,TRUE,10
305,10,9403,10/11/2021,,Bevin Dahlberg,,5827-9751,7:13 PM,FALSE,20
306,20,5709,10/12/2021,Santa Teresa First,Claudia Vellacott,8521-1819,7105-2254,5:00 AM,TRUE,10
307,20,1096,10/13/2021,Vizal San Pablo,Katey Brisson,,4089-8918,9:47 AM,TRUE,20
308,10,4599,10/14/2021,,Cy Shillam,4139-0480,0461-4835,2:36 AM,FALSE,10
309,20,2778,10/16/2021,Nambalan,Frederich Lauridsen,,2860-3233,6:09 AM,FALSE,40
310,10,8080,10/20/2021,,Glyn Mee,,5638-2997,9:44 PM,TRUE,40
311,10,7315,10/20/2021,,Arlee Lackie,5889-2966,1590-5569,6:32 AM,TRUE,10
312,30,7668,10/20/2021,Caibiran,Brittan Fretson,,4386-3797,2:14 PM,TRUE,30
313,30,5677,10/21/2021,Bagacay,Raul Ladbrook,0127-0823,2836-8809,12:34 AM,TRUE,10
314,30,1005,10/22/2021,Salingogan,Chickie Milazzo,,7845-9459,1:10 PM,TRUE,20
315,10,3535,10/22/2021,,Mozes Pyecroft,,5307-7423,10:54 AM,TRUE,40
316,30,9329,10/23/2021,Merida,Blinnie Bullman,,7231-0737,4:05 AM,TRUE,40
317,30,6953,10/25/2021,Ibung,Lezlie Moryson,8304-4873,8325-5795,12:31 AM,TRUE,10
318,10,9470,10/25/2021,,Daniela Rosenbusch,,6753-7440,9:25 PM,TRUE,40
319,30,5861,10/27/2021,San Jose,Royal Rosekilly,,8939-8561,7:21 AM,TRUE,30
320,10,239,10/30/2021,,Lorie Mattschas,1670-3020,6180-2019,5:22 PM,TRUE,10
321,10,6117,10/31/2021,,Lenee Atthow,,7129-7925,3:18 AM,TRUE,30
322,20,7419,10/31/2021,Madamba,Rafaela Castaner,,7063-3745,10:52 AM,TRUE,40
323,20,7685,11/5/2021,Gibgos,Glyn Mee,,5638-2997,7:39 PM,TRUE,40
324,20,6020,11/7/2021,Bantuanon,Felicia Hadenton,0316-4458,9174-0639,6:07 PM,TRUE,10
325,20,7156,11/7/2021,Lumbatan,Glyn O' Scallan,,4265-8147,2:02 PM,FALSE,30
326,30,2331,11/8/2021,Latung,Vincenty Janusz,7674-3432,5709-7613,9:11 AM,TRUE,10
327,10,164,11/8/2021,,Loralie Antyshev,8211-9859,5396-7803,7:46 AM,TRUE,10
328,30,5352,11/10/2021,Pagatin,Elissa Ollarenshaw,,9554-1525,3:22 PM,FALSE,40
329,20,2281,11/11/2021,Apalit,Katinka Ottewill,,6806-5544,4:17 AM,TRUE,30
330,10,8347,11/13/2021,,Yorgos Bolles,3858-0467,0272-9075,8:12 PM,FALSE,10
331,30,2402,11/13/2021,Pulo,Donall Tamlett,,9409-1105,1:37 PM,FALSE,40
332,30,8494,11/13/2021,Malitbog,Cleon Seczyk,,2635-0427,10:48 AM,TRUE,30
333,30,9498,11/14/2021,Pilar,Osmund Klagge,,2664-3351,4:28 PM,TRUE,40
334,20,5699,11/16/2021,Malitbog,Pattie Deetlefs,,8231-9804,7:16 PM,FALSE,40
335,10,7601,11/17/2021,,Curtice Witcombe,,8628-9643,3:36 AM,TRUE,30
336,10,449,11/19/2021,,Boniface Balke,,5705-7795,2:25 PM,FALSE,20
337,20,3836,11/19/2021,Sagbayan,Calv Blick,4936-8981,3491-3087,6:31 AM,TRUE,10
338,30,1094,11/20/2021,Monkayo,Boniface Balke,4468-0636,5705-7795,12:27 AM,TRUE,10
339,20,2237,11/20/2021,Irosin,Matilde Dimond,,3365-8230,7:28 PM,FALSE,40
340,30,5896,11/21/2021,Mabini,Kori Cron,,5942-2788,3:48 PM,TRUE,30
341,20,9364,11/22/2021,Bantacan,Constantia Seatter,,7341-1722,5:03 AM,TRUE,40
342,30,9685,11/24/2021,Limbalod,Walt Atcheson,,3452-7365,11:24 PM,FALSE,40
343,10,2416,11/24/2021,,Mariquilla Ary,,0974-5538,2:31 AM,FALSE,20
344,20,5828,11/25/2021,Ramos West,Graehme Gidley,,5367-1621,4:31 AM,TRUE,30
345,20,6011,11/26/2021,Pulong Sampalok,Hilario Ewenson,,3973-4523,10:11 AM,FALSE,20
346,30,9343,11/26/2021,Candijay,Kermit Cossam,,7890-0614,12:52 PM,TRUE,40
347,30,9943,11/27/2021,Vigan,Walt Atcheson,,3452-7365,6:23 PM,TRUE,40
348,10,2811,11/27/2021,,Lynn Hubbart,,9139-5439,2:00 AM,TRUE,30
349,10,9535,11/29/2021,,Berk Laherty,0811-9945,2247-0696,2:50 PM,FALSE,10
350,30,8318,11/29/2021,Minanga Norte,Patric Killner,,0947-3989,5:55 PM,FALSE,30
351,20,140,11/29/2021,Macapsing,Tessa Symon,,1011-5084,12:30 AM,TRUE,40
352,30,6187,12/1/2021,Hernani,Miran Riccetti,,6761-1263,10:40 AM,FALSE,40
353,10,1047,12/1/2021,,Carmon Pencot,,5260-9983,6:16 AM,FALSE,30
354,30,6400,12/2/2021,Dapawan,Bathsheba Wilbud,7838-3798,8590-4294,11:55 AM,TRUE,10
355,20,4396,12/3/2021,Prinza,Brockie Voyce,,4471-1012,4:28 AM,FALSE,40
356,20,4841,12/3/2021,Carriedo,Hilton Westmacott,,0127-0823,7:06 AM,TRUE,40
357,30,533,12/6/2021,Pitogo,Trace Arrington,,1863-1831,7:47 AM,TRUE,40
358,10,8912,12/8/2021,,Maggy Devin,,8486-8425,10:39 AM,TRUE,40
359,10,4799,12/10/2021,,Patti Monaghan,,5137-7841,1:20 AM,TRUE,20
360,20,1263,12/10/2021,San Rafael,Aigneis Kinnar,,4346-9999,5:43 AM,TRUE,20
361,30,1580,12/10/2021,Semirara,Sondra Buckland,,8826-5634,12:30 AM,TRUE,20
362,30,6987,12/11/2021,Gabi,Zonda Marzella,7063-3745,3167-7615,12:33 PM,TRUE,10
363,20,3984,12/14/2021,Quintong,Betteann Hansford,,1166-2856,6:21 AM,TRUE,20
364,20,115,12/15/2021,Lalagsan,Siegfried Vials,,3613-2418,10:10 PM,TRUE,20
365,10,6225,12/16/2021,,Whitaker Cairns,,8159-2099,1:38 PM,FALSE,40
366,10,3287,12/16/2021,,Farica Perree,,2102-0647,9:19 AM,TRUE,20
367,30,3787,12/16/2021,Santo Domingo,Dianemarie Rigg,,3028-8543,7:42 AM,TRUE,20
368,10,2891,12/17/2021,,Jervis MattiCCI,,8384-8203,3:46 PM,TRUE,40
369,20,6619,12/17/2021,Perez,Sloane Spilling,5242-8510,3586-4816,4:17 PM,FALSE,10
370,20,9712,12/17/2021,Capandanan,Dasie Rickardes,7386-1725,3145-6098,4:25 PM,TRUE,10
371,30,1775,12/18/2021,Quipot,Barty Housby,,9572-2880,10:30 PM,TRUE,20
372,20,8025,12/19/2021,Balabag,Mildred Antoniak,,8312-8062,5:34 AM,TRUE,20
373,30,307,12/19/2021,Adtugan,Der Inns,,9118-1602,11:20 AM,TRUE,30
374,20,6766,12/20/2021,Bularit,Northrup Carrodus,,2784-2637,11:03 PM,TRUE,40
375,10,4807,12/20/2021,,Nobie Rotge,4202-9399,3764-2827,8:58 AM,FALSE,10
376,30,8203,12/21/2021,San Bernardo,Richardo Bolmann,,5001-6681,12:08 PM,TRUE,40
377,20,8875,12/24/2021,Bairan,Gregoire Rizzardini,2852-6011,3747-0260,10:46 AM,TRUE,10
378,10,7399,12/25/2021,,Sondra Buckland,,8826-5634,12:59 PM,TRUE,30
379,10,9052,12/25/2021,,Lonnie Ladloe,7188-6855,4187-7074,10:59 PM,TRUE,10
380,20,2573,12/26/2021,Guyam Malaki,Walt Atcheson,,3452-7365,5:29 AM,TRUE,40
381,10,6209,12/26/2021,,Kyle Konig,1955-3236,6176-8804,9:17 PM,TRUE,10
382,20,2425,12/27/2021,Niugan,Lexis Inchcomb,,9553-8645,2:17 AM,FALSE,30
383,20,8172,12/27/2021,Kiloloran,Christyna Fain,,4616-9763,4:32 AM,TRUE,30
384,30,2774,12/28/2021,Boroon,Sofie McCroary,,8453-9143,3:46 PM,FALSE,30
385,30,5611,12/29/2021,Limulan,Calla Lines,,6949-3806,5:36 PM,TRUE,30
386,10,7482,1/2/2022,,Hinda Charrington,,7880-6745,9:30 PM,TRUE,40
387,10,3522,1/2/2022,,Crosby Gregoraci,,8168-9079,2:55 PM,TRUE,30
388,10,5540,1/3/2022,,Seana Niland,,6170-2854,6:49 PM,TRUE,20
389,10,2074,1/4/2022,,Beitris Strathearn,8983-8917,4680-6990,7:56 PM,FALSE,10
390,20,3107,1/5/2022,Biga,Anders Dominguez,,3205-0436,5:58 AM,FALSE,20
391,10,2953,1/6/2022,,Demetri McEnhill,,1894-3100,1:12 PM,TRUE,30
392,10,4456,1/6/2022,,Odella Scarlon,7252-5620,8521-1819,3:23 PM,TRUE,10
393,20,3001,1/8/2022,Pangantocan,Curtice Witcombe,8159-2099,8628-9643,1:56 PM,TRUE,10
394,10,5983,1/9/2022,,Sondra Buckland,,8826-5634,11:30 PM,FALSE,40
395,30,9659,1/9/2022,Magsaysay,Teodoor Gaddas,,4050-1501,2:27 AM,TRUE,40
396,10,6845,1/15/2022,,Miran Riccetti,,6761-1263,6:58 PM,FALSE,30
397,30,5338,1/15/2022,Talisay,Teddy Crosetto,,5880-6291,7:54 PM,TRUE,30
398,30,5177,1/16/2022,Arcangel,Carilyn Klesl,2569-8682,4144-1325,10:18 AM,TRUE,10
399,30,2553,1/17/2022,Batiano,Herby Paulich,2290-2877,7974-0133,5:12 PM,FALSE,10
400,20,7768,1/18/2022,San Andres,Janaya Thibodeaux,,7199-8801,5:50 AM,FALSE,20
401,10,3375,1/18/2022,,Iormina Thor,,5675-1497,1:36 AM,TRUE,30
402,20,1492,1/18/2022,Nangalisan,Patsy Camm,,2210-3364,3:23 PM,TRUE,20
403,10,425,1/19/2022,,Curtice Witcombe,,8628-9643,11:28 AM,TRUE,20
404,30,4254,1/20/2022,Amucao,Boyd Sidwell,,9641-2062,2:17 AM,FALSE,30
405,10,899,1/21/2022,,Patsy Camm,,2210-3364,6:05 PM,FALSE,30
406,30,4026,1/22/2022,San Vicente,Curcio Srawley,,2157-4298,6:01 AM,TRUE,20
407,10,7242,1/22/2022,,Zach Dobing,,3309-6769,11:16 AM,TRUE,40
408,30,5740,1/22/2022,Baguinge,Skye Crumbleholme,,5227-9776,4:01 AM,FALSE,30
409,30,7268,1/23/2022,Tampocon,Alec Dedam,,5137-0665,10:01 PM,FALSE,20
410,20,2729,1/23/2022,Lucban,Gilbert Laister,4405-9847,7115-8869,11:18 PM,TRUE,10
411,20,5909,1/23/2022,Titay,Jeniece Thornewill,7124-0290,3993-0894,8:05 PM,TRUE,10
412,20,3731,1/24/2022,Quipot,Mildred Antoniak,,8312-8062,4:22 AM,TRUE,40
413,10,5562,1/25/2022,,Elyssa Chilver,,2216-6565,1:09 AM,TRUE,40
414,30,5514,1/28/2022,Telbang,Vanni Polotti,,6469-0482,2:06 AM,TRUE,30
415,30,600,1/29/2022,Calizo,Enrique Culp,,9056-7710,7:44 AM,TRUE,40
416,30,2963,1/30/2022,Tambilil,Blinnie Bullman,,7231-0737,3:23 AM,TRUE,40
417,30,3206,1/30/2022,Maindang,Wakefield Girardey,,9003-8153,8:38 PM,TRUE,20
418,20,2394,1/31/2022,Paoay,Alexandrina Dougary,3818-6667,8913-0677,1:34 AM,TRUE,10
419,10,5376,2/1/2022,,Sondra Buckland,,8826-5634,2:25 AM,FALSE,20
420,20,1644,2/2/2022,Basing,Etheline Marjoribanks,,3038-9424,7:05 AM,TRUE,40
421,30,4755,2/2/2022,Santa Lucia,Lyndsie Gyngell,,0957-9440,9:32 AM,TRUE,30
422,10,623,2/2/2022,,Nydia Ogborne,,3080-4279,3:59 PM,TRUE,20
423,10,7171,2/4/2022,,Lethia Purveys,,5240-1127,8:35 PM,TRUE,40
424,30,8226,2/5/2022,Tambalisa,Giulia Skevington,,2521-8170,6:38 AM,TRUE,20
425,10,3537,2/6/2022,,Rakel Risborough,,8372-1604,10:12 AM,TRUE,20
426,30,6007,2/6/2022,Nailong,Malissa Tourner,,1586-4308,12:04 AM,TRUE,20
427,30,4241,2/7/2022,Himensulan,Tabbitha Llewhellin,,6717-1300,4:50 AM,FALSE,30
428,30,395,2/9/2022,San Jose,Lee Santhouse,,1380-8176,1:50 PM,TRUE,40
429,20,4598,2/10/2022,Tagbacan Ibaba,Lezlie Moryson,,8325-5795,5:32 AM,FALSE,20
430,30,3844,2/15/2022,Libato,Waite Copozio,,9786-8078,3:28 PM,TRUE,40
431,30,1264,2/15/2022,Mozzozzin Sur,Miran Riccetti,,6761-1263,12:18 AM,FALSE,30
432,10,1770,2/15/2022,,Abbye Linney,,5158-3757,2:27 PM,FALSE,20
433,10,4627,2/18/2022,,Flossie Dreini,,6682-2248,5:23 AM,TRUE,30
434,30,8667,2/18/2022,Luklukan,Nickolaus Piser,,4672-4190,9:33 PM,FALSE,20
435,20,9379,2/18/2022,Bacag,Skipton Saltmarsh,,5309-2568,7:03 PM,FALSE,30
436,30,8206,2/19/2022,Lumbayan,Lyndell McLemon,3837-1296,8535-8310,9:35 AM,FALSE,10
437,30,3138,2/19/2022,San Antonio,Yancy McDonagh,,6168-2525,1:05 PM,FALSE,40
438,10,8712,2/19/2022,,Artemis FitzGeorge,,5171-3500,5:35 AM,TRUE,20
439,30,2948,2/19/2022,Taloy,Rockie Exeter,,7386-1725,5:22 PM,FALSE,30
440,20,9500,2/19/2022,Mancilang,Calypso Lowerson,,4936-8981,11:39 AM,FALSE,30
441,20,2940,2/25/2022,Dumaguete,Zonda Marzella,,3167-7615,1:25 PM,TRUE,20
442,30,9892,2/26/2022,Koronadal,Waverley Orpwood,,3694-0417,9:09 AM,FALSE,30
443,20,2796,2/28/2022,Linan,Glyn Waghorn,3218-0401,0892-9936,12:41 PM,TRUE,10
444,10,1461,2/28/2022,,Elie Doring,1937-6418,2735-1948,9:21 PM,FALSE,10
445,20,4328,3/2/2022,Ranao,Nadean Singers,,3404-7657,8:48 AM,FALSE,20
446,10,4617,3/3/2022,,Herby Paulich,,7974-0133,7:05 AM,FALSE,30
447,30,5753,3/7/2022,Buang,Wileen Simm,,4590-1802,1:09 AM,TRUE,30
448,30,7513,3/7/2022,Culasian,Alidia Veltman,,1744-8125,1:54 AM,FALSE,40
449,20,2934,3/9/2022,Idtig,Rockie Laflin,,2545-4271,4:13 PM,TRUE,30
450,20,6383,3/12/2022,Pung-Pang,Amandi Livesay,,3530-0439,6:32 AM,FALSE,20
451,10,6791,3/13/2022,,Celestyn Cholomin,,1993-8050,9:59 AM,TRUE,20
452,10,7266,3/14/2022,,Sherm Croughan,,2419-8096,2:48 PM,TRUE,30
453,30,517,3/16/2022,Carriedo,Venus Etienne,6761-1263,9385-7678,1:30 PM,TRUE,10
454,10,1054,3/16/2022,,Chrystel Rihosek,,5350-5208,11:20 AM,FALSE,40
455,20,8470,3/19/2022,Calabugao,Temp Plumb,,2867-8266,9:30 PM,TRUE,30
456,10,8944,3/20/2022,,Christy Beaston,4672-4190,8808-5128,6:57 PM,TRUE,10
457,10,6105,3/21/2022,,Dale Noye,5367-0236,9201-4861,10:50 AM,FALSE,10
458,10,1201,3/23/2022,,Brett Baraja,1462-3154,2099-3020,4:41 PM,TRUE,10
459,30,2672,3/24/2022,Bolo,Ted Girardot,,1252-0430,7:35 PM,TRUE,30
460,20,6451,3/24/2022,Buenavista,Merrill Ranking,6650-1785,2234-4016,7:39 AM,TRUE,10
461,20,1100,3/25/2022,Albuera,Lishe Longthorne,7716-3686,0130-3592,2:20 PM,FALSE,10
462,10,6835,3/26/2022,,Elwood De Domenico,,6024-6744,2:12 AM,TRUE,20
463,10,7717,3/26/2022,,Audry Jeratt,,1335-8907,12:17 PM,TRUE,20
464,30,8551,3/27/2022,Lantapan,Benni Shakeshaft,,0926-4724,9:40 PM,TRUE,30
465,10,1552,3/29/2022,,Christopher Eads,7761-9702,6528-7967,11:53 AM,TRUE,10
466,20,8726,3/31/2022,Nueva Fuerza,Sadye Aleksashin,9553-8645,7694-0591,5:13 PM,FALSE,10
467,20,6645,4/1/2022,Baras,Venus Etienne,9042-5034,9385-7678,5:53 PM,FALSE,10
468,30,8033,4/1/2022,Guagua,Annis Simonsson,,1043-5797,11:04 PM,FALSE,40
469,10,7425,4/1/2022,,Waly Carine,4444-8471,1698-7909,12:52 AM,TRUE,10
470,30,2097,4/2/2022,Bayang,Ernestus Mastrantone,,6381-4819,8:01 PM,TRUE,20
471,20,907,4/4/2022,Taltal,Alidia Veltman,,1744-8125,10:53 PM,FALSE,30
472,20,3595,4/4/2022,Balangiga,Juli Soutter,6214-8018,5889-2966,10:53 AM,TRUE,10
473,30,5660,4/4/2022,Santol,Ellene Swalough,,3196-3859,5:24 PM,FALSE,40
474,30,8121,4/5/2022,Kilim,Kareem Gounet,5158-9809,2475-7424,2:48 PM,TRUE,10
475,30,3980,4/6/2022,Ragay,Waneta Dearl,,3825-3839,12:10 PM,FALSE,30
476,10,820,4/6/2022,,Krystle McCalister,,0133-0745,6:07 PM,TRUE,30
477,20,6618,4/8/2022,Adela,Sabrina De Winton,,6721-5852,5:10 AM,FALSE,40
478,30,2168,4/9/2022,Loacan,Philbert Christou,,0920-5574,5:14 PM,FALSE,30
479,30,8257,4/10/2022,Palauig,Persis Kingzeth,,8157-3765,9:37 PM,TRUE,20
480,10,6876,4/10/2022,,Iona Whatham,,9823-3404,3:07 PM,TRUE,40
481,20,9908,4/10/2022,San Rafael,Karleen Lougheed,,6650-1785,9:12 PM,TRUE,40
482,20,4139,4/11/2022,Giawang,Allen Akitt,,3347-9722,7:17 PM,TRUE,20
483,20,1389,4/11/2022,Sabang,Jude Henlon,2867-8266,7728-2673,11:46 PM,FALSE,10
484,30,5530,4/12/2022,Caburan,Hilda Domerc,,7412-4593,6:20 AM,FALSE,20
485,10,5045,4/12/2022,,Theodore Itchingham,8929-8842,6367-7147,10:52 AM,TRUE,10
486,30,9327,4/13/2022,Maanas,Allen Akitt,,3347-9722,11:09 PM,TRUE,30
487,30,8819,4/13/2022,Santa Barbara,Hildegarde Haskell,7579-8666,2373-6103,5:59 PM,FALSE,10
488,10,4052,4/13/2022,,Audry Jeratt,,1335-8907,7:47 AM,FALSE,30
489,20,8750,4/14/2022,Tungol,Nickolaus Piser,,4672-4190,10:16 AM,FALSE,30
490,30,5944,4/17/2022,Dugongan,Eudora Sumnall,,7296-6827,8:42 PM,FALSE,30
491,10,7093,4/17/2022,,Obadias Gon,,6076-4297,6:42 PM,TRUE,20
492,20,6272,4/17/2022,Bulo,Theodore Itchingham,,6367-7147,8:01 AM,TRUE,40
493,10,4591,4/18/2022,,Zach Dobing,4681-4048,3309-6769,3:01 PM,TRUE,10
494,20,7112,4/18/2022,Bay-ang,Ted Girardot,8983-8917,1252-0430,10:58 AM,TRUE,10
495,30,6996,4/21/2022,Tagnanan,Mano McLurg,,9164-9594,5:51 PM,TRUE,40
496,20,2261,4/21/2022,Solana,Ingeberg Crasford,,9282-7134,11:19 AM,FALSE,20
497,10,5143,4/22/2022,,Fair De Blase,,2163-7167,6:29 AM,TRUE,20
498,10,3345,4/23/2022,,Maggy Devin,9295-5050,8486-8425,2:04 PM,FALSE,10
499,20,6835,4/23/2022,Kaytitinga,Hughie Paybody,8863-7433,7840-6363,6:12 AM,TRUE,10
500,20,143,4/24/2022,Paradahan,Helen Corrao,,9001-7361,6:31 AM,TRUE,30
501,20,1234,4/25/2022,Luna,Becki Summerbell,7406-9954,1837-9131,12:12 AM,FALSE,10
502,10,5654,4/25/2022,,Lonnie Ladloe,,4187-7074,2:23 PM,TRUE,30
503,10,4178,4/26/2022,,Hertha Glidden,0133-0745,0681-1591,9:26 AM,FALSE,10
504,20,1722,4/27/2022,Baroy,Filippo Rizzotto,,5233-6398,12:26 AM,FALSE,40
505,20,8257,4/29/2022,Bagulin,Ernestus Mastrantone,3381-1474,6381-4819,6:04 AM,TRUE,10
506,30,4872,4/29/2022,Dagup,Jude Henlon,,7728-2673,1:28 PM,TRUE,40
507,10,2216,5/1/2022,,Franciska McVanamy,9018-9161,1479-3493,2:02 PM,TRUE,10
508,10,7314,5/1/2022,,Bessie Jobb,,0861-8868,7:39 AM,FALSE,30
509,30,1873,5/2/2022,Gabaldon,Juliana Yeoman,,6663-5915,5:23 PM,TRUE,30
510,10,4128,5/3/2022,,Shana Martinat,,7117-2374,3:43 PM,TRUE,30
511,20,3943,5/3/2022,Dasol,Bale Pfeffel,9155-1922,1706-7198,7:49 PM,TRUE,10
512,20,1700,5/4/2022,Calasgasan,Nikolia O' Mulderrig,,1886-0208,10:16 AM,FALSE,20
513,20,7576,5/5/2022,Unidad,Karoline Ivantsov,,6882-0473,11:10 AM,FALSE,40
514,30,3119,5/6/2022,Gabao,Logan Lumber,,8902-4874,5:45 AM,FALSE,30
515,30,332,5/6/2022,Indang,Audre Voak,0757-0668,2299-8607,2:51 PM,TRUE,10
516,10,2608,5/7/2022,,Frederica Stafford,3632-7208,1422-7688,1:23 PM,TRUE,10
517,10,9655,5/7/2022,,Antonina Flescher,3589-5812,1968-1770,4:47 PM,TRUE,10
518,30,177,5/9/2022,Canomoy,Hughie Paybody,,7840-6363,1:26 AM,TRUE,40
519,10,398,5/10/2022,,Haven Gwinnett,,0086-3316,4:32 AM,TRUE,30
520,10,8320,5/14/2022,,Brady Oriel,,9629-3587,8:52 AM,TRUE,20
521,20,403,5/14/2022,Rimpeso,Kurt Buxey,9628-4425,6886-9201,12:33 AM,FALSE,10
522,10,3731,5/15/2022,,Andee Pucker,,6448-9718,7:10 AM,TRUE,20
523,10,9320,5/15/2022,,Ardath Boarder,,5491-2412,5:30 PM,TRUE,20
524,20,4681,5/16/2022,Macarse,Nikolos Challiner,,0733-9014,3:49 PM,TRUE,20
525,20,364,5/16/2022,Umanday Centro,Marty Bewfield,,4074-2177,2:47 PM,TRUE,30
526,10,9627,5/17/2022,,Reynold Olliar,,4206-7146,5:52 AM,FALSE,30
527,10,290,5/18/2022,,Logan Lumber,,8902-4874,12:00 AM,TRUE,20
528,20,3525,5/19/2022,Talakag,Lauraine Tanslie,4306-3250,1687-6139,5:11 PM,TRUE,10
529,20,8936,5/19/2022,Bayang,Waly Carine,,1698-7909,3:38 PM,TRUE,40
530,30,6889,5/20/2022,Allacapan,Louie Praundl,,4213-3116,8:21 AM,TRUE,40
531,30,9551,5/20/2022,Ginatilan,Marty Bewfield,,4074-2177,8:14 AM,FALSE,40
532,20,5091,5/24/2022,Casuguran,Marylou Dimmock,,0071-2254,6:35 PM,FALSE,30
533,20,3448,5/25/2022,Saaban,Jill Attarge,1590-9937,2276-4990,10:44 PM,FALSE,10
534,30,170,5/27/2022,Cantao-an,Rafaelita Cove,,8304-4873,7:40 AM,TRUE,20
535,10,2153,5/27/2022,,Pail Stanesby,,5652-5492,8:21 AM,TRUE,40
536,30,727,5/28/2022,Tawan tawan,Everett Rosewall,,1887-2648,1:30 AM,FALSE,20
537,10,8329,5/28/2022,,Ferdy Swatton,,3015-6755,12:50 AM,FALSE,30
538,20,1642,5/29/2022,Hagonoy,Lani Loughnan,0371-9502,1459-0950,12:06 AM,FALSE,10
539,30,7735,5/29/2022,San Vicente,Brien Bolderoe,,3214-4637,8:15 AM,FALSE,20
540,10,1013,5/30/2022,,Lexis Inchcomb,,9553-8645,6:21 PM,TRUE,30
541,30,1066,5/31/2022,Caburan,Mildred Antoniak,9410-3958,8312-8062,11:10 PM,TRUE,10
542,20,8961,5/31/2022,Maagnas,Gregg Seton,,7645-8299,4:08 PM,FALSE,20
543,20,3699,6/2/2022,Nagbukel,Sheffy Parkins,,6919-2919,3:42 AM,TRUE,30
544,10,6425,6/2/2022,,Malissa Tourner,,1586-4308,2:52 AM,FALSE,40
545,30,7916,6/2/2022,Lungaog,Kurt Buxey,,6886-9201,3:15 AM,TRUE,40
546,10,8301,6/3/2022,,Rawley Bridewell,5038-2568,0901-8490,2:27 PM,FALSE,10
547,10,3307,6/3/2022,,Celestyn Cholomin,,1993-8050,6:14 PM,FALSE,20
548,10,2984,6/5/2022,,Rebecka Messitt,4202-7857,1696-7668,10:48 PM,TRUE,10
549,10,801,6/5/2022,,Susann Bestwall,,1748-3838,7:03 PM,TRUE,30
550,30,7757,6/6/2022,Aroroy,Shay Jeanin,,6988-3929,5:53 PM,TRUE,30
551,30,5920,6/8/2022,Getulio,Elberta Metcalfe,,7887-8793,2:19 AM,TRUE,20
552,10,2617,6/8/2022,,Filippo Rizzotto,,5233-6398,2:09 AM,FALSE,40
553,10,6738,6/8/2022,,Juli Soutter,,5889-2966,4:07 AM,TRUE,40
554,20,2050,6/9/2022,Laoag,Phineas Quartly,,1407-3515,4:24 AM,FALSE,20
555,30,2743,6/9/2022,Esperanza,Luther Halt,1143-5294,3202-4515,10:14 PM,FALSE,10
556,20,8046,6/9/2022,Albuera,Lyndsie Gyngell,,0957-9440,1:49 AM,TRUE,40
557,10,213,6/10/2022,,Veronique Kerfod,,9714-6742,8:34 PM,TRUE,40
558,20,2801,6/12/2022,Lupao,Rosanne Ferres,,6909-9672,9:32 PM,TRUE,40
559,10,9328,6/12/2022,,Sadella Woolmington,,1956-2506,2:03 PM,TRUE,30
560,10,9458,6/13/2022,,Rafaela Castaner,,7063-3745,3:40 AM,FALSE,40
561,30,3550,6/13/2022,Talalora,Wallis Osipenko,,0669-2073,7:02 PM,FALSE,40
562,10,4599,6/15/2022,,Kaja Bagwell,7579-8666,4080-4916,2:19 PM,TRUE,10
563,20,7640,6/15/2022,Maasin,Witty Marvell,,6596-0345,10:12 AM,TRUE,30
564,30,5428,6/15/2022,Caronoan West,Samson Leyban,7840-6363,6960-4425,9:37 AM,FALSE,10
565,10,9995,6/15/2022,,Etheline Velareal,,2000-4262,1:50 AM,FALSE,30
566,10,1023,6/15/2022,,Torin Handrahan,9993-9229,8385-9472,10:37 AM,TRUE,10
567,20,3816,6/16/2022,Anao,Maire Limprecht,,3139-9519,2:47 AM,TRUE,30
568,20,7414,6/17/2022,Cabugao,Ernestus Mastrantone,5119-0274,6381-4819,1:53 PM,FALSE,10
569,20,2889,6/17/2022,Kabankalan,Melantha Frantzeni,,6603-1713,3:28 PM,TRUE,40
570,20,6654,6/17/2022,Dologon,Peggi Ciccottio,9243-4408,6665-9985,11:49 PM,TRUE,10
571,20,7134,6/19/2022,Ilagan,Hi Kegley,1113-8590,9575-2296,3:02 PM,FALSE,10
572,30,2548,6/21/2022,Pasian,Stacia Abdee,,6416-9750,3:20 AM,TRUE,40
573,10,7074,6/21/2022,,Dannie Bairstow,2276-4990,0997-4675,2:06 AM,FALSE,10
574,30,552,6/21/2022,Panognawan,Lyndsie Gyngell,,0957-9440,7:54 AM,TRUE,20
575,30,7817,6/22/2022,San Vicente,Zelma Luxton,2550-2179,0532-0411,6:34 PM,TRUE,10
576,10,4509,6/23/2022,,Viola Ready,,4117-0069,11:40 PM,TRUE,40
577,10,6379,6/23/2022,,Tracy Smeall,9539-6738,1065-0767,6:06 AM,TRUE,10
578,20,3958,6/24/2022,Cabadiangan,Germain Redholls,0501-4454,9672-1985,11:37 PM,FALSE,10
579,30,333,6/25/2022,Buang,Brandyn Van Hault,,0658-8867,6:36 AM,TRUE,30
580,10,372,6/25/2022,,Raphaela Kiffe,,2040-3335,3:26 AM,TRUE,30
581,10,2853,6/25/2022,,Leticia Jaxon,8630-0716,7139-1209,9:50 PM,TRUE,10
582,10,4415,6/25/2022,,Veronique Kerfod,,9714-6742,12:58 PM,TRUE,20
583,10,2366,6/27/2022,,Susann Bestwall,,1748-3838,6:23 PM,FALSE,30
584,10,437,6/27/2022,,Gavrielle Bernardin,,1734-4205,8:20 PM,FALSE,30
585,10,9055,6/27/2022,,Arni Malyon,,0827-8785,9:01 AM,FALSE,40
586,10,3932,6/28/2022,,Byrann Backshill,8663-5730,4111-5266,2:42 PM,TRUE,10
587,10,5938,6/29/2022,,Ellis Paine,,7191-2182,2:15 AM,FALSE,30
588,10,4946,6/29/2022,,Meg Dobbins,,7274-0821,7:54 AM,TRUE,40
589,30,8797,6/30/2022,Suba,Skye Crumbleholme,0827-8785,5227-9776,1:11 AM,TRUE,10
590,10,6693,6/30/2022,,Shannah Sooper,0676-3362,6251-3465,9:54 AM,FALSE,10
591,10,1584,6/30/2022,,Margret Thorby,7403-5854,3101-0230,3:28 PM,TRUE,10
592,10,5835,7/2/2022,,Kermit Cossam,,7890-0614,12:09 AM,TRUE,30
593,30,6321,7/2/2022,Panalingaan,Karleen Hriinchenko,,4631-1083,10:31 PM,TRUE,20
594,10,1775,7/2/2022,,Xaviera Cahalan,,9647-0793,3:10 PM,FALSE,20
595,20,7963,7/3/2022,Tarusan,Isidor Spenclay,,1437-1484,2:26 PM,TRUE,30
596,20,2872,7/4/2022,Cayungnan,Clarette Gonthard,,0916-5080,2:49 PM,FALSE,40
597,10,8343,7/4/2022,,Barty Housby,3430-2651,9572-2880,7:23 PM,TRUE,10
598,30,1299,7/6/2022,Tagana-an,Jeniece Thornewill,5122-4791,3993-0894,8:04 PM,FALSE,10
599,10,8240,7/7/2022,,Marty Bewfield,,4074-2177,2:55 AM,TRUE,40
600,20,5992,7/7/2022,Tampakan,Cullan Jouhning,,1026-4196,12:49 PM,TRUE,30
601,10,7003,7/8/2022,,Zelma Luxton,,0532-0411,12:34 AM,TRUE,30
602,10,3270,7/8/2022,,Maynard Hefner,,9258-6789,7:47 AM,TRUE,30
603,10,247,7/8/2022,,Tomasina Attoe,,5422-3190,1:55 PM,FALSE,40
604,10,6063,7/8/2022,,Louie Praundl,,4213-3116,2:47 PM,FALSE,30
605,30,427,7/9/2022,Tapon,Lucia Diffley,,5909-4985,8:14 PM,FALSE,30
606,30,3838,7/11/2022,Tubungan,Lucia Diffley,,5909-4985,12:13 PM,TRUE,40
607,30,6986,7/11/2022,Balibagan Oeste,Kalil Poon,,5242-8510,10:49 PM,TRUE,20
608,30,5119,7/12/2022,Sigay,Drud Luetkemeyer,,3381-1474,6:32 PM,TRUE,40
609,20,5522,7/12/2022,Concepcion,Henrieta Lindell,,2852-6011,12:36 PM,FALSE,20
610,10,6372,7/13/2022,,Kippie Preshaw,,2290-6689,5:43 AM,FALSE,40
611,20,3644,7/14/2022,Libertad,Ebony Gamlin,,5038-2568,4:44 PM,TRUE,30
612,20,8890,7/17/2022,Muñoz East,Leola Trynor,,3377-5607,1:15 AM,TRUE,20
613,30,3878,7/17/2022,Camindangan,Ailey Morando,3609-4981,5669-1019,7:51 PM,TRUE,10
614,30,2295,7/18/2022,Maindang,Meg Dobbins,,7274-0821,6:56 AM,FALSE,40
615,30,5929,7/18/2022,Panay,Marielle Shankster,,9460-7159,2:02 PM,FALSE,20
616,20,1187,7/19/2022,Toong,Beitris Strathearn,,4680-6990,7:12 AM,FALSE,40
617,20,6895,7/21/2022,Marantao,Melisa Bridgett,,1096-2262,11:40 PM,FALSE,30
618,20,9395,7/21/2022,Sabtang,Yancy McDonagh,,6168-2525,7:21 PM,TRUE,40
619,10,6568,7/21/2022,,Salvador Hought,,7674-3432,12:16 PM,FALSE,40
620,10,6618,7/21/2022,,Rawley Bridewell,,0901-8490,5:39 AM,FALSE,40
621,20,7555,7/21/2022,Banaybanay,Dede Parvin,,0371-9502,11:54 AM,TRUE,40
622,20,317,7/22/2022,Silago,Serene Giral,,6824-8796,1:33 PM,TRUE,40
623,10,9520,7/22/2022,,Wake Scanes,6527-4026,9110-7786,11:02 AM,FALSE,10
624,20,1937,7/22/2022,Patnongon,Farica Perree,,2102-0647,4:05 AM,TRUE,30
625,30,4875,7/22/2022,Quinipot,Bibbie Savary,4265-8147,3534-5921,9:22 PM,FALSE,10
626,20,2348,7/22/2022,Calangain,Kurt Buxey,,6886-9201,3:09 PM,FALSE,30
627,10,8049,7/23/2022,,Viviana Worrill,,0803-3703,5:07 PM,TRUE,30
628,20,6153,7/24/2022,Tibigan,Corri Matovic,,5252-1519,5:35 AM,TRUE,30
629,30,5763,7/25/2022,Hagonoy,Nahum Brake,,1164-8866,12:20 AM,FALSE,20
630,20,3585,7/25/2022,Sapol,Barney Waddicor,,6699-4453,3:28 PM,TRUE,40
631,20,8248,7/26/2022,Sison,Corbin Lanceter,9995-5453,4114-9434,9:00 AM,TRUE,10
632,30,4868,7/26/2022,Bugcaon,Lucia Diffley,,5909-4985,4:05 AM,TRUE,40
633,20,857,7/26/2022,Mandaon,Loraine Grayne,,1143-5294,8:06 PM,TRUE,20
634,20,7896,7/26/2022,Sultan Kudarat,Christyna Fain,,4616-9763,12:05 PM,TRUE,20
635,20,1793,7/27/2022,Dumlan,Fleur Pridding,,6284-6832,10:00 PM,TRUE,20
636,10,3971,7/27/2022,,Lonnie Ladloe,,4187-7074,10:10 AM,TRUE,40
637,10,1446,7/28/2022,,Ernestus Mastrantone,7412-4593,6381-4819,1:42 PM,TRUE,10
638,30,5844,7/30/2022,Tabuk,Eolanda Gammage,,1462-9105,7:31 AM,TRUE,40
639,20,6574,7/30/2022,Santol,Brnaba Terran,,6733-2720,8:22 PM,FALSE,40
640,30,5697,7/31/2022,Banga,Clayton Jaine,,5113-4493,1:12 PM,FALSE,20
641,20,4072,7/31/2022,Bagacay,Olivier Glanvill,,1562-4345,5:14 PM,TRUE,20
642,10,3244,8/1/2022,,Marty Bewfield,,4074-2177,8:02 PM,FALSE,40
643,10,4336,8/1/2022,,Jessalyn Van Arsdall,,4462-8375,10:31 AM,FALSE,30
644,30,3541,8/1/2022,Halayhay,Webster Dowker,,5825-3305,11:03 AM,TRUE,30
645,30,4680,8/2/2022,Ogod,Renard Keedwell,,4334-0825,1:57 PM,FALSE,30
646,20,7057,8/2/2022,Kinatakutan,Tomaso Grolmann,6139-2731,0896-7060,4:38 PM,TRUE,10
647,20,7489,8/3/2022,Calamba,Monika Gue,,2687-1058,2:07 AM,TRUE,20
648,20,1460,8/4/2022,Zamboanga,Tomaso Grolmann,8863-7433,0896-7060,10:44 PM,FALSE,10
649,20,4418,8/4/2022,Bulog,Willa Adamek,,8663-5730,11:15 AM,TRUE,40
650,30,1373,8/5/2022,San Diego,Meg Dobbins,,7274-0821,7:24 AM,FALSE,30
651,30,2435,8/5/2022,Buensuseso,Calv Blick,,3491-3087,1:15 PM,FALSE,40
652,30,6814,8/5/2022,Bulan,Woodrow Kornes,2664-3351,4764-8844,10:47 AM,TRUE,10
653,30,9444,8/7/2022,Carigara,Armin Monteith,,1886-4565,4:40 PM,TRUE,30
654,20,9393,8/7/2022,Ragay,Rod Landsborough,,5122-4791,12:47 AM,FALSE,30
655,20,1844,8/8/2022,Santa Ignacia,Chrissy Barles,,6929-2497,7:03 AM,TRUE,20
656,20,9148,8/8/2022,San Vicente,Judy MacGeaney,,5962-9423,8:06 PM,FALSE,20
657,20,2472,8/8/2022,Lais,Shandie Paxeford,,7754-6351,9:28 PM,TRUE,20
658,20,5246,8/9/2022,Ani-e,Shay Jeanin,1570-8611,6988-3929,11:57 AM,FALSE,10
659,30,870,8/10/2022,Magapit,Isidor Spenclay,0086-3316,1437-1484,4:34 AM,TRUE,10
660,30,261,8/11/2022,San Juan,Bentley Bartalucci,,5277-9729,11:40 AM,TRUE,40
661,30,8493,8/11/2022,Kalian,Clare Melladew,,7103-8480,5:37 PM,TRUE,40
662,20,5440,8/12/2022,Lantapan,Torrance Reede,,7870-6050,9:28 AM,TRUE,30
663,30,5748,8/12/2022,Pandan Niog,Hillary O'Currane,,3226-9615,6:17 PM,TRUE,30
664,20,2225,8/12/2022,Dolores,Kathryne Wickett,,0593-2197,11:57 PM,TRUE,20
665,10,9577,8/14/2022,,Monika Bickerton,,9927-1145,7:21 PM,TRUE,30
666,10,4494,8/15/2022,,Veronique Kerfod,,9714-6742,6:02 PM,TRUE,40
667,30,1701,8/16/2022,Candating,Harvey Filyakov,,0894-0487,5:03 AM,FALSE,20
668,10,8259,8/16/2022,,Markos Devenish,6214-8018,4733-0804,12:48 AM,TRUE,10
669,30,6025,8/16/2022,Pulupandan,Sigvard Fittes,,9890-5097,8:09 PM,TRUE,30
670,20,8179,8/18/2022,New Cebu,Elberta Metcalfe,,7887-8793,2:49 AM,TRUE,20
671,20,205,8/19/2022,Manila,Benedikta Harefoot,0413-5420,5119-0274,7:38 PM,FALSE,10
672,30,6628,8/20/2022,Dulian,Uri Bolduc,,1113-8590,2:36 PM,TRUE,20
673,10,6931,8/21/2022,,Zacharias Hallet,,5757-2539,5:00 AM,TRUE,40
674,10,3459,8/21/2022,,Barbi Haydn,,5015-9745,9:00 PM,TRUE,20
675,30,279,8/22/2022,Paradahan,Cullan Jouhning,,1026-4196,10:13 PM,TRUE,40
676,30,1017,8/23/2022,San Juan,Darby Carrell,,4721-2951,1:33 PM,FALSE,40
677,20,5275,8/24/2022,Mambulo,Nikolos Challiner,8772-0869,0733-9014,2:32 PM,TRUE,10
678,20,8815,8/25/2022,Gabi,Arlen L'Episcopi,,9782-1414,11:05 AM,TRUE,30
679,30,4541,8/25/2022,Lanuza,Karoline Ivantsov,,6882-0473,9:34 AM,TRUE,30
680,30,9631,8/26/2022,Mapaniqui,Lucila Ilett,,5036-9429,3:54 AM,TRUE,40
681,30,1872,8/26/2022,Concepcion,Kile Caple,,6121-7287,7:51 PM,TRUE,20
682,10,5678,8/27/2022,,Jayme Alyonov,9155-1922,0743-9117,12:30 AM,TRUE,10
683,30,2074,8/28/2022,Cabanbanan,Fairleigh Izzatt,,5060-8372,5:23 AM,FALSE,40
684,20,7362,8/28/2022,Busay,Lizzy Heater,,5509-2086,9:42 AM,TRUE,30
685,20,1179,8/29/2022,Mexico,Ernestus Mastrantone,,6381-4819,3:11 AM,FALSE,40
686,30,720,8/30/2022,Majayjay,Korie Harley,9281-0755,3674-9967,10:39 PM,FALSE,10
687,20,9120,8/30/2022,Calaba,Bradan Knutsen,,3271-7612,12:31 PM,TRUE,40
688,20,5535,9/1/2022,Bagumbayan,Adlai Degnen,,9410-9906,3:29 AM,FALSE,30
689,30,5330,9/2/2022,Alegria,Noble Trewhella,1590-5569,8592-4982,6:33 AM,TRUE,10
690,30,7998,9/3/2022,Tarlac City,Gigi Kruszelnicki,6217-9288,7301-0139,9:30 AM,FALSE,10
691,30,1071,9/3/2022,Butigui,Reilly Van den Oord,7845-9459,2916-9231,10:48 AM,TRUE,10
692,30,6857,9/3/2022,Catbalogan,Lona MacAulay,,9440-1792,4:22 AM,TRUE,40
693,10,7385,9/5/2022,,Whitaker Cairns,,8159-2099,1:30 AM,TRUE,30
694,20,2992,9/6/2022,Da-an Sur,Terza Blaine,,4704-7570,5:13 AM,TRUE,40
695,30,2366,9/6/2022,Boston,Jard Danilin,6071-7521,9163-7958,7:10 PM,TRUE,10
696,30,6380,9/6/2022,Tawan tawan,Derrick Conant,,0680-7486,3:14 AM,TRUE,20
697,10,7604,9/7/2022,,Taber Beyer,,1208-5584,3:32 PM,TRUE,30
698,30,8752,9/7/2022,Bayuin,Perkin Pionter,,4165-2235,9:45 PM,TRUE,40
699,30,6162,9/8/2022,Hinigaran,Elberta Metcalfe,,7887-8793,5:52 PM,FALSE,20
700,20,4866,9/8/2022,Cotmon,Othella Doel,,3609-4981,5:32 PM,FALSE,20
701,20,4208,9/9/2022,Daliciasao,Harlin Perfect,,5991-5587,12:42 AM,TRUE,30
702,30,8430,9/9/2022,Calapan,Anatola Knotte,,1598-7745,2:34 PM,FALSE,30
703,20,7217,9/9/2022,Pio Duran,Kareem Gounet,,2475-7424,3:33 PM,FALSE,20
704,30,7634,9/9/2022,Tagbilaran City,Adolf Danniel,1767-5003,5646-9420,9:57 AM,TRUE,10
705,30,5819,9/10/2022,Aras-asan,Inez Chatters,,4293-5550,4:08 PM,FALSE,20
706,20,9634,9/11/2022,Limbaan,Loraine Grayne,,1143-5294,5:34 PM,TRUE,30
707,20,4584,9/13/2022,Angadanan,Silvia Sail,,1618-5723,7:46 AM,FALSE,40
708,20,8155,9/14/2022,Balagon,Gabbie Piers,,5372-5871,10:24 AM,TRUE,40
709,30,6555,9/14/2022,Biga,Christopher Eads,,6528-7967,5:59 AM,TRUE,20
710,10,9344,9/15/2022,,Markos Devenish,8384-8203,4733-0804,9:11 AM,FALSE,10
711,20,2264,9/16/2022,Arcangel,Douglass Gulberg,,1905-5804,3:52 AM,TRUE,20
712,10,9133,9/16/2022,,Adlai Degnen,9409-1105,9410-9906,5:56 AM,TRUE,10
713,30,5428,9/16/2022,Palangue,Adlai Degnen,,9410-9906,12:50 PM,TRUE,30
714,20,4322,9/17/2022,San Nicolas,Shawn Casely,,2524-3152,8:25 AM,TRUE,40
715,20,6463,9/18/2022,Solo,Whitaker Cairns,,8159-2099,5:20 PM,TRUE,20
716,20,8700,9/18/2022,Anulid,Kelley Oehm,,1829-7300,1:13 PM,TRUE,40
717,10,4531,9/19/2022,,Giraud Wallwork,,1173-3662,9:42 PM,TRUE,40
718,30,9646,9/19/2022,Culacling,Windham Eddolls,,9243-4408,3:20 AM,TRUE,20
719,20,4913,9/19/2022,Marintoc,Olag Matz,6011-2270,6351-2358,2:35 AM,TRUE,10
720,30,6207,9/19/2022,Bagumbayan,Wake Bidewell,1905-5804,2948-0847,5:27 PM,TRUE,10
721,20,1332,9/19/2022,Tanudan,Irwinn Grossman,,9969-5971,6:56 AM,TRUE,30
722,10,7881,9/20/2022,,Veronique Kerfod,,9714-6742,9:19 PM,FALSE,40
723,30,934,9/20/2022,Binguang,Maribelle Glaserman,,5467-7804,7:08 AM,TRUE,30
724,30,6851,9/21/2022,Taguing,Franchot Hayball,9440-1792,2786-9869,3:59 AM,FALSE,10
725,10,1798,9/21/2022,,Galvan Swatten,,2568-1328,1:43 PM,FALSE,20
726,30,6861,9/22/2022,Anticala,Barty Housby,1590-5569,9572-2880,11:37 PM,FALSE,10
727,10,1286,9/23/2022,,Douglass Gulberg,4764-8844,1905-5804,3:40 PM,FALSE,10
728,30,6472,9/25/2022,Vizal San Pablo,Andy Wordley,,1625-4895,11:30 AM,FALSE,20
729,20,6754,9/26/2022,Lucapon,Odella Scarlon,,8521-1819,8:12 PM,TRUE,30
730,10,1083,9/27/2022,,Jervis MattiCCI,,8384-8203,12:18 PM,FALSE,20
731,20,4795,9/28/2022,Alegria,Perkin Pionter,3833-0225,4165-2235,11:45 AM,FALSE,10
732,20,6636,9/28/2022,Nalsian Norte,Lezlie Moryson,,8325-5795,3:45 PM,FALSE,20
733,20,3186,9/29/2022,Tungao,Lucia Diffley,,5909-4985,10:26 PM,FALSE,40
734,30,1994,9/29/2022,New Agutaya,Dale Noye,,9201-4861,2:32 PM,TRUE,30
735,30,5746,10/1/2022,Saguing,Clemmy Fredson,,5756-3794,6:41 AM,TRUE,40
736,30,1368,10/1/2022,Bantog,Lacie Monte,,7196-5322,2:04 PM,TRUE,20
737,30,9185,10/1/2022,Javalera,Kandy Loidl,,7338-7130,3:31 AM,FALSE,40
738,10,1365,10/3/2022,,Corabelle Handaside,,2285-6243,4:49 AM,TRUE,30
739,30,7502,10/3/2022,Cabalaoangan,Brnaba Terran,2475-7424,6733-2720,10:21 AM,TRUE,10
740,10,4977,10/4/2022,,Mike Whitcomb,,9452-0170,5:14 AM,TRUE,20
741,10,9399,10/4/2022,,Josephina Dole,,5228-7125,5:09 PM,FALSE,20
742,30,5584,10/4/2022,Bateria,Korie Harley,,3674-9967,12:26 AM,TRUE,30
743,20,6638,10/5/2022,Linao,Nickolas St. Queintain,,0302-4472,3:28 PM,FALSE,40
744,10,7498,10/5/2022,,Giffy Gilford,8493-2421,8160-9362,10:26 AM,TRUE,10
745,20,1401,10/6/2022,Bamban,Vinni Larmouth,,3818-6667,10:47 AM,TRUE,30
746,10,631,10/8/2022,,Becki Summerbell,,1837-9131,1:24 AM,FALSE,40
747,20,9855,10/8/2022,Biñan,Glynis Burberye,,6200-1529,10:36 AM,TRUE,40
748,20,6989,10/8/2022,Gueset,Olag Matz,3028-8543,6351-2358,1:34 AM,FALSE,10
749,10,9785,10/9/2022,,Friedrich Burgwyn,,1767-5003,8:54 PM,TRUE,20
750,10,2336,10/9/2022,,Luelle Mallinson,,9462-4033,3:05 PM,TRUE,20
751,20,8342,10/9/2022,Quintong,Janenna D'Souza,0896-7060,9471-7223,9:19 PM,TRUE,10
752,10,8781,10/12/2022,,Carlen Rewan,,7403-5854,3:38 AM,FALSE,20
753,10,2041,10/12/2022,,Ali Vinau,7789-6197,2647-6246,11:36 PM,TRUE,10
754,10,1892,10/13/2022,,Bonny Colmer,,7286-7409,12:26 AM,TRUE,40
755,20,6962,10/14/2022,Pulo,Nell Pele,2697-6443,5210-1969,7:05 AM,TRUE,10
756,10,4115,10/14/2022,,Eolanda Gammage,,1462-9105,9:04 PM,TRUE,30
757,10,2487,10/16/2022,,Annis Simonsson,,1043-5797,6:19 PM,TRUE,40
758,30,4948,10/17/2022,Cambarus,Curcio Srawley,2355-2463,2157-4298,8:32 PM,TRUE,10
759,10,5792,10/19/2022,,Glynis Burberye,,6200-1529,9:53 PM,TRUE,40
760,20,139,10/19/2022,Tabango,Olivier Glanvill,,1562-4345,11:31 AM,FALSE,40
761,20,7589,10/20/2022,Guisijan,Giffy Gilford,3818-6667,8160-9362,8:18 AM,TRUE,10
762,10,4901,10/22/2022,,Darby Carrell,,4721-2951,12:50 PM,TRUE,40
763,30,5693,10/22/2022,Tagkawayan Sabang,Gerri Heigl,,0467-2119,4:10 PM,TRUE,30
764,30,1598,10/23/2022,Maonon,Eugenia Going,,5819-7880,8:00 AM,FALSE,30
765,10,4234,10/24/2022,,Curcio Srawley,,2157-4298,5:13 PM,FALSE,20
766,30,8692,10/25/2022,Banag,Benni Kenworthy,7277-2223,8149-8503,1:14 AM,TRUE,10
767,10,6679,10/25/2022,,Shanan Marchbank,7412-6867,9126-3360,1:22 AM,TRUE,10
768,30,9764,10/25/2022,Bigaa,Betteann Hansford,,1166-2856,12:45 AM,TRUE,20
769,30,9564,10/25/2022,Mayantoc,Othella Doel,,3609-4981,6:22 AM,TRUE,40
770,20,904,10/26/2022,Catbalogan,Daphene Gethings,0172-2680,7619-3066,5:01 AM,TRUE,10
771,30,4182,10/26/2022,Namboongan,Eduardo Wilcox,5137-7841,1961-2090,4:44 PM,TRUE,10
772,20,5321,10/28/2022,Motrico,Brien Bolderoe,,3214-4637,1:40 PM,TRUE,30
773,30,9530,10/28/2022,Bigaa,Willa Adamek,5788-4816,8663-5730,7:25 AM,TRUE,10
774,20,7246,10/29/2022,Pilar,Kandy Loidl,5158-9809,7338-7130,11:59 AM,TRUE,10
775,10,4412,10/29/2022,,Ailey Morando,,5669-1019,9:14 AM,TRUE,20
776,30,2992,10/29/2022,Atabayan,Pete Botler,,0316-4458,9:16 PM,FALSE,30
777,30,3828,10/29/2022,Castilla,Amelita Jameson,,1476-2349,4:16 PM,FALSE,30
778,10,7553,10/29/2022,,Amelita Jameson,,1476-2349,4:48 AM,TRUE,30
779,30,4674,10/29/2022,Bayawan,Amelita Jameson,,1476-2349,9:20 PM,TRUE,40
780,20,1208,10/31/2022,Dao,Corri Matovic,9948-7456,5252-1519,12:06 PM,FALSE,10
781,30,4581,11/2/2022,Pitogo,Giorgia Chessum,,1670-3020,10:15 AM,TRUE,40
782,20,640,11/3/2022,Maluso,Zelma Luxton,,0532-0411,10:00 AM,FALSE,40
783,10,5374,11/4/2022,,Farica Perree,2376-4542,2102-0647,10:54 AM,TRUE,10
784,10,8546,11/4/2022,,Catlin Mayte,0883-4208,4748-5249,1:39 AM,TRUE,10
785,30,3806,11/5/2022,Pidigan,Rowan Collibear,0118-4043,7176-5318,5:06 PM,FALSE,10
786,30,9369,11/5/2022,Wawa,Krystle McCalister,,0133-0745,5:23 PM,TRUE,40
787,10,3667,11/6/2022,,Beatrice Brewins,6919-2919,9058-1015,7:26 PM,TRUE,10
788,20,8017,11/7/2022,Victoria,Zorina Cosser,,4025-1814,11:17 PM,TRUE,40
789,20,3113,11/8/2022,Siasi,Jacquelynn Hargrove,,2497-9571,3:48 AM,FALSE,20
790,30,3770,11/8/2022,Tabuc Pontevedra,Mariam Biesinger,,1372-8437,2:25 AM,TRUE,20
791,10,8230,11/10/2022,,Bibbie Savary,,3534-5921,12:29 PM,FALSE,20
792,10,333,11/10/2022,,Karoline Ivantsov,,6882-0473,6:08 AM,FALSE,20
793,30,349,11/10/2022,Kalibo (poblacion),Klarrisa Nelthorp,6882-0473,6620-5186,2:37 PM,TRUE,10
794,30,2767,11/11/2022,Itbayat,Colby Braidley,,9844-3066,7:44 AM,FALSE,40
795,10,7307,11/11/2022,,Teresita Figurski,6024-6744,9559-3571,12:51 PM,TRUE,10
796,10,3256,11/12/2022,,Nisse Pexton,,0863-4616,7:16 PM,FALSE,40
797,10,1480,11/12/2022,,Edie Harnes,,9626-4879,6:27 PM,TRUE,20
798,30,5182,11/14/2022,Talabaan,Giffy Gilford,,8160-9362,8:14 AM,FALSE,20
799,10,6520,11/14/2022,,Catlin Mayte,,4748-5249,3:39 AM,FALSE,30
800,20,7025,11/14/2022,Santa Monica,Pierette Garz,,6917-7757,5:15 PM,TRUE,40
801,30,1703,11/15/2022,San Jose,Ardath Boarder,3347-9722,5491-2412,5:01 PM,FALSE,10
802,30,8679,11/15/2022,Cama Juan,Lorry Colkett,,2010-4961,4:42 PM,FALSE,40
803,30,2864,11/16/2022,Malaruhatan,Clerissa Garford,8443-5359,1949-3267,10:51 PM,TRUE,10
804,30,9559,11/16/2022,Norzagaray,Shannon D'Ugo,,0158-9259,9:44 PM,TRUE,40
805,30,570,11/17/2022,Obong,Viviana Worrill,5171-3500,0803-3703,11:32 PM,TRUE,10
806,10,5489,11/18/2022,,Zelma Luxton,0811-9945,0532-0411,1:40 AM,TRUE,10
807,10,1621,11/18/2022,,Lorry Colkett,,2010-4961,8:12 PM,TRUE,40
808,20,7760,11/18/2022,Lapaz,Viola Ready,9714-6742,4117-0069,4:02 AM,FALSE,10
809,10,4497,11/18/2022,,Witty Marvell,,6596-0345,9:34 PM,TRUE,40
810,20,2029,11/20/2022,Buawan,Lucia Diffley,8157-3765,5909-4985,8:43 PM,TRUE,10
811,10,5669,11/20/2022,,Armin Monteith,0467-2119,1886-4565,3:52 AM,FALSE,10
812,10,3196,11/20/2022,,Cymbre Hosten,,7521-1754,7:18 AM,TRUE,40
813,20,1370,11/21/2022,Tomado,Chlo Hulse,,2913-4438,1:13 AM,FALSE,20
814,20,5840,11/24/2022,Mayorga,Dimitry Toulch,,9119-4314,2:57 AM,TRUE,20
815,10,6619,11/24/2022,,Dimitry Toulch,,9119-4314,10:53 AM,FALSE,30
816,30,6462,11/25/2022,Maloma,Polly Restall,,9044-8088,3:44 PM,FALSE,20
817,30,8531,11/25/2022,Panay,Clemmy Fredson,,5756-3794,6:55 AM,FALSE,40
818,20,9332,11/26/2022,Calibungan,Linn Biagioni,5015-9745,2554-9800,1:31 AM,TRUE,10
819,30,8508,11/26/2022,Dumlan,Hughie Paybody,,7840-6363,6:33 AM,TRUE,40
820,30,9482,11/29/2022,Naga,Margi Turnbull,,6451-1579,7:09 PM,TRUE,30
821,30,3158,11/29/2022,Bitin,Case Iacapucci,,1269-1867,5:24 PM,FALSE,30
822,10,1125,11/30/2022,,Ralph Jobbins,5242-8510,0525-2438,3:32 PM,FALSE,10
823,20,1147,12/1/2022,Tubli,Neely Besson,,6505-3594,10:34 AM,TRUE,40
824,10,7539,12/1/2022,,Pete Botler,3834-7163,0316-4458,4:15 AM,FALSE,10
825,10,1690,12/2/2022,,Vince Allaker,2010-4961,5579-2739,2:43 AM,FALSE,10
826,10,990,12/2/2022,,Baxie Andreasen,,7042-9428,8:56 AM,TRUE,40
827,10,8118,12/3/2022,,Pinchas Heppenspall,,4384-8974,1:54 AM,TRUE,40
828,30,6946,12/4/2022,Canaman,Edd Holberry,5001-6681,8215-7695,2:29 AM,TRUE,10
829,30,6140,12/4/2022,Santa Cruz,Pete Botler,,0316-4458,10:01 AM,TRUE,30
830,20,3175,12/4/2022,Matiao,Witty Marvell,2010-4961,6596-0345,3:49 PM,TRUE,10
831,10,9995,12/5/2022,,Tito Cornely,,3739-3268,3:45 AM,TRUE,30
832,10,6947,12/5/2022,,Harvey Filyakov,4999-8325,0894-0487,9:33 PM,TRUE,10
833,20,5775,12/6/2022,Dasol,Kori Cron,,5942-2788,8:43 PM,FALSE,20
834,10,9537,12/6/2022,,Eugenia Going,,5819-7880,2:46 AM,TRUE,30
835,10,9291,12/7/2022,,Tanhya Mawdsley,7412-6867,4427-7433,10:17 AM,TRUE,10
836,10,3372,12/7/2022,,Polly Restall,,9044-8088,9:20 AM,FALSE,30
837,30,570,12/7/2022,Vigan,Olag Matz,,6351-2358,9:26 AM,TRUE,30
838,10,5141,12/7/2022,,Keslie Ealden,3518-8049,4999-8325,10:16 PM,TRUE,10
839,10,3193,12/8/2022,,Barty Housby,,9572-2880,9:52 PM,TRUE,20
840,30,7118,12/10/2022,Caraga,Sigmund Ellings,,0304-0118,6:37 PM,TRUE,40
841,30,9090,12/10/2022,Bagacay,Waverley Orpwood,0743-9117,3694-0417,5:23 PM,TRUE,10
842,10,1323,12/11/2022,,Fayre Nayshe,,1581-4144,10:50 AM,TRUE,30
843,20,8163,12/11/2022,Bolanon,Hadley MacKaig,,8214-0802,6:09 AM,TRUE,20
844,20,7651,12/11/2022,Pudoc,Nicholle Brettel,,1570-8611,9:05 PM,TRUE,40
845,10,6635,12/11/2022,,Sigvard Fittes,,9890-5097,3:41 AM,FALSE,30
846,10,8976,12/11/2022,,Randolph Bloxsom,,2779-2770,8:45 AM,TRUE,30
847,20,4033,12/12/2022,Maramag,Corella Urlin,9164-9594,3987-5523,12:38 PM,TRUE,10
848,10,5726,12/13/2022,,Cherrita Woodcroft,4653-3938,0009-6762,12:14 AM,FALSE,10
849,20,1131,12/14/2022,Babak,Elena Heijne,7199-8801,8211-9859,5:56 PM,FALSE,10
850,30,2622,12/14/2022,Castañas,Beverly Keirle,,9983-8905,3:53 PM,FALSE,30
851,20,7829,12/14/2022,San Bernardo,Ingram Mantrip,,5179-8739,7:35 PM,TRUE,20
852,20,9339,12/15/2022,Sergio Osmeña Sr,Ford Brunon,,4202-9399,3:27 PM,TRUE,20
853,30,9595,12/16/2022,Padre Burgos,Elena Heijne,,8211-9859,11:57 AM,FALSE,40
854,30,7148,12/16/2022,Bualan,Patton Beggan,5596-2626,7120-4400,4:12 AM,TRUE,10
855,10,3355,12/16/2022,,Irena Outerbridge,1002-6382,2160-0209,5:29 AM,TRUE,10
856,20,4838,12/17/2022,Guinoaliuan,Georgie Smiths,,2628-5865,3:36 PM,TRUE,20
857,30,530,12/18/2022,Panacan,Baxie Andreasen,,7042-9428,7:00 PM,TRUE,20
858,10,1571,12/18/2022,,Junette Fleetwood,,7368-3615,4:03 AM,TRUE,20
859,30,8658,12/18/2022,Tabuating,Irena Outerbridge,,2160-0209,7:21 AM,TRUE,30
860,30,6154,12/19/2022,Cabcaben,Nathaniel Guerrieri,,7825-0624,5:42 PM,FALSE,20
861,10,6356,12/19/2022,,Gisella Kimbrey,,7481-6403,5:35 PM,TRUE,30
862,30,7332,12/19/2022,Liboro,Puff Kleynermans,,3815-0532,6:39 PM,TRUE,20
863,10,7742,12/20/2022,,Sharity Pigny,,6101-8042,1:35 AM,TRUE,40
864,20,1132,12/20/2022,Anuling,Gisella Kimbrey,,7481-6403,9:16 AM,FALSE,40
865,20,7874,12/20/2022,Tarangnan,Calida Chezelle,,3218-0401,1:34 PM,TRUE,20
866,20,5879,12/22/2022,San Nicolas,Clerissa Garford,,1949-3267,6:09 PM,FALSE,30
867,20,5277,12/22/2022,Sinait,Giffy Gilford,7341-1722,8160-9362,4:32 AM,FALSE,10
868,10,3914,12/23/2022,,Peggi Ciccottio,,6665-9985,12:58 PM,TRUE,40
869,20,8120,12/23/2022,Bularit,Ford Brunon,2133-6226,4202-9399,2:05 PM,FALSE,10
870,10,2044,12/24/2022,,Mella Polak,,3337-4210,5:40 PM,FALSE,30
871,30,3097,12/25/2022,Anahawan,Teddy Crosetto,,5880-6291,8:54 PM,TRUE,20
872,30,2322,12/25/2022,Acli,Gordon Corbishley,,2904-9671,5:37 AM,TRUE,20
873,30,2013,12/26/2022,Maindang,Violet Draycott,,6829-9157,7:10 PM,TRUE,40
874,10,5312,12/27/2022,,Uri Bolduc,,1113-8590,2:59 AM,FALSE,40
875,10,4216,12/27/2022,,Elwood De Domenico,7619-3066,6024-6744,9:05 AM,TRUE,10
876,20,4628,12/29/2022,Tanlad,Adora Hallitt,,8713-2479,12:22 PM,TRUE,30
877,30,7261,12/29/2022,Bautista,Timothea Herkess,,8229-0618,3:11 AM,TRUE,20
878,30,5649,12/29/2022,Bingawan,Camella Buttfield,,6667-6718,7:26 AM,FALSE,40
879,20,6955,12/30/2022,Dumalneg,Clemens Laver,,2078-1128,4:06 PM,TRUE,30
880,20,3551,12/31/2022,Baras,Irena Outerbridge,,2160-0209,7:01 PM,FALSE,20
881,10,3965,12/31/2022,,Correna Cluely,,1753-1583,9:57 AM,TRUE,20
882,20,6538,1/1/2023,Samboan,Giraud Wallwork,,1173-3662,9:44 AM,TRUE,30
883,10,8237,1/1/2023,,Mill Drewes,,2422-8507,6:57 AM,TRUE,20
884,30,1477,1/3/2023,Gueset,Cherrita Woodcroft,0803-3703,0009-6762,9:07 AM,FALSE,10
885,30,6271,1/3/2023,Panan,Marieann Aslin,,9121-3132,3:01 PM,TRUE,20
886,30,8594,1/4/2023,San Pedro,Hamid Hambright,,5140-5533,11:30 AM,FALSE,40
887,30,1960,1/6/2023,Malabag,Junette Fleetwood,,7368-3615,10:39 AM,TRUE,30
888,10,6883,1/6/2023,,Windham Eddolls,,9243-4408,2:53 AM,FALSE,30
889,30,1708,1/6/2023,Bislig,Hetti Gawthrop,,9041-6348,7:47 AM,FALSE,40
890,30,1022,1/7/2023,San Vicente,Dorian Menauteau,,0735-1288,9:54 PM,TRUE,40
891,30,4472,1/8/2023,Guimbal,Witty Marvell,5423-2059,6596-0345,3:56 PM,FALSE,10
892,30,6238,1/8/2023,Carusucan,Elva Pirozzi,,9979-9441,1:29 PM,TRUE,40
893,20,7461,1/9/2023,Mabini,Starr Mungham,,1644-4745,7:02 AM,TRUE,30
894,30,9239,1/9/2023,Bone South,Marilin Southerns,,1478-5076,9:39 PM,TRUE,40
895,10,7336,1/10/2023,,Pepi Clymer,1829-7300,2452-6405,4:22 AM,TRUE,10
896,10,550,1/11/2023,,Pepi Clymer,,2452-6405,9:38 PM,FALSE,20
897,20,3515,1/13/2023,San Vicente,Enrique Culp,,9056-7710,6:58 PM,TRUE,40
898,10,3654,1/15/2023,,Ramsay Fadian,,0797-9414,4:22 PM,TRUE,20
899,20,4048,1/15/2023,Glamang,Ailey Morando,5991-5587,5669-1019,7:36 AM,TRUE,10
900,20,5686,1/15/2023,Paniqui,Uri Bolduc,,1113-8590,2:59 AM,TRUE,30
901,10,5481,1/16/2023,,Goldi Ostridge,,0702-6371,7:28 AM,FALSE,40
902,10,8090,1/17/2023,,Demetria Anderton,6988-3929,4094-6880,2:05 AM,TRUE,10
903,30,2285,1/18/2023,Malinao,Melisa Bridgett,,1096-2262,12:19 AM,TRUE,30
904,20,604,1/18/2023,Carmen,Odella Scarlon,,8521-1819,11:38 PM,TRUE,30
905,30,7942,1/19/2023,Bagacay,Pinchas Heppenspall,,4384-8974,9:22 PM,TRUE,40
906,20,549,1/19/2023,Kambing,Lethia Purveys,,5240-1127,5:55 AM,TRUE,20
907,20,2098,1/19/2023,Esperanza,Neely Besson,,6505-3594,12:27 PM,FALSE,30
908,30,2101,1/19/2023,Libacao,Elva Pirozzi,,9979-9441,1:39 PM,TRUE,20
909,10,6013,1/19/2023,,Reilly Van den Oord,,2916-9231,12:07 AM,TRUE,20
910,20,9412,1/20/2023,Bobonan,Taffy McAlpin,,0478-4388,1:43 PM,FALSE,20
911,30,2100,1/20/2023,Dado,Egor Norway,,2770-7667,3:21 PM,TRUE,30
912,20,1926,1/21/2023,Malabag,Lee Spadoni,,5000-4066,7:54 PM,TRUE,30
913,30,7352,1/21/2023,Budta,Daphene Gethings,,7619-3066,4:07 PM,TRUE,20
914,10,3954,1/21/2023,,Roma Lax,,9795-5829,7:40 PM,TRUE,30
915,10,9401,1/21/2023,,Ernestus Mastrantone,1644-4745,6381-4819,3:27 AM,FALSE,10
916,20,1999,1/23/2023,Capulaan,Orv Pedrocco,,2079-4148,1:25 AM,TRUE,40
917,30,5766,1/23/2023,Bagumbayan,Therese Gowry,8312-8062,4433-1913,9:47 PM,TRUE,10
918,20,3657,1/24/2023,Montilla,Magdaia Ensten,,8173-0078,7:08 AM,TRUE,40
919,30,8677,1/24/2023,Mabunga,Maggy Liversedge,,4653-3938,10:29 AM,FALSE,20
920,30,915,1/24/2023,Tigbao,Helen-elizabeth Whal,,3589-5812,7:42 AM,TRUE,40
921,10,2808,1/25/2023,,Adolf Danniel,1638-0875,5646-9420,3:07 PM,TRUE,10
922,30,2249,1/26/2023,Apoya,Carilyn Klesl,,4144-1325,8:06 PM,FALSE,20
923,20,9552,1/26/2023,Cayang,Magdaia Ensten,,8173-0078,7:28 AM,FALSE,30
924,30,1322,1/26/2023,Dalupirip,Marisa Turrill,,9633-5604,5:43 PM,TRUE,30
925,10,848,1/27/2023,,Harcourt Cockrill,,7854-9755,11:00 PM,TRUE,40
926,30,2485,1/27/2023,Dangcalan,Ariella Mulvenna,5572-3152,5831-4645,9:36 AM,TRUE,10
927,10,2483,1/27/2023,,Janenna D'Souza,,9471-7223,1:25 AM,TRUE,20
928,10,7735,1/28/2023,,Elonore Philippe,,9995-5453,12:20 AM,FALSE,20
929,20,7767,1/28/2023,Limanancong,Angil Pitcher,,2354-1789,4:36 AM,FALSE,30
930,20,8540,1/28/2023,Mataya,Melantha Frantzeni,,6603-1713,7:12 PM,TRUE,40
931,10,483,1/28/2023,,Georgie Smiths,9139-5439,2628-5865,8:12 PM,FALSE,10
932,30,7932,1/29/2023,San Fabian,Vin Dutnall,,5732-9172,6:12 AM,TRUE,40
933,20,3780,1/29/2023,Malaga,Olia Tribell,7608-3038,2434-4042,9:05 PM,TRUE,10
934,30,1696,1/30/2023,Payao,Marilin Southerns,,1478-5076,5:38 AM,FALSE,30
935,10,2707,1/31/2023,,Justen Littlewood,,7845-3698,4:29 AM,FALSE,20
936,10,5593,1/31/2023,,Nancie Connerry,7566-0866,9018-9161,11:27 PM,TRUE,10
937,10,3502,2/1/2023,,Ingram Mantrip,,5179-8739,4:03 AM,TRUE,40
938,20,3554,2/1/2023,San Nicolas,Gisella Kimbrey,,7481-6403,5:07 AM,TRUE,40
939,30,9577,2/1/2023,Tamiso,Crystie Hum,,3038-1406,1:40 PM,TRUE,40
940,20,3481,2/1/2023,Dumlan,Bentley Bartalucci,1886-4565,5277-9729,12:48 PM,TRUE,10
941,30,2981,2/2/2023,San Eduardo,Calida Chezelle,,3218-0401,2:42 PM,FALSE,20
942,10,6637,2/3/2023,,Eugenia Going,,5819-7880,5:53 AM,FALSE,40
943,10,7197,2/4/2023,,Burty Colchett,5800-8094,2359-4259,12:10 PM,TRUE,10
944,30,3141,2/5/2023,Binalbagan,Gauthier Whilder,,2429-8375,3:51 PM,FALSE,40
945,20,7474,2/6/2023,Mexico,Clerissa Garford,,1949-3267,5:20 AM,TRUE,30
946,20,304,2/7/2023,Gulod,Marieann Aslin,,9121-3132,1:15 AM,TRUE,20
947,30,9774,2/10/2023,Bungabon,Randolph Bloxsom,,2779-2770,1:02 AM,TRUE,40
948,30,1740,2/10/2023,Mungo,Linnie Jellyman,,9427-9649,5:57 PM,TRUE,40
949,20,6960,2/12/2023,Narvacan,Sanders Ruddoch,,2641-5720,5:45 AM,TRUE,30
950,20,453,2/12/2023,Batu,Daphene Gethings,,7619-3066,3:57 PM,FALSE,20
951,10,3034,2/12/2023,,Dorena Woolcocks,,1590-9937,1:24 PM,TRUE,20
952,30,1260,2/13/2023,Banocboc,Demetria Anderton,,4094-6880,9:42 AM,TRUE,20
953,20,3100,2/14/2023,San Carlos,Alec Dedam,4788-2112,5137-0665,6:57 AM,TRUE,10
954,20,2325,2/15/2023,Monamon,Raoul Jerosch,5675-1497,6005-9066,12:02 AM,FALSE,10
955,30,3592,2/17/2023,Don Carlos,Silvia Grundey,4936-8981,2609-4129,8:27 PM,TRUE,10
956,30,7318,2/18/2023,Ponong,Lee Spadoni,4405-9847,5000-4066,12:53 AM,FALSE,10
957,20,6744,2/18/2023,Boston,Tito Cornely,,3739-3268,1:44 AM,TRUE,20
958,20,6840,2/19/2023,Kalian,Glynn Collman,2884-5320,9917-6117,11:34 AM,FALSE,10
959,30,9036,2/19/2023,Estancia,Vince Allaker,7191-2182,5579-2739,11:28 PM,FALSE,10
960,10,5723,2/20/2023,,Janenna D'Souza,,9471-7223,8:50 AM,FALSE,20
961,10,7907,2/20/2023,,Linnie Jellyman,,9427-9649,5:58 AM,FALSE,20
962,30,6627,2/21/2023,Puerto Bello,Angil Pitcher,,2354-1789,5:08 AM,FALSE,40
963,30,8058,2/21/2023,Binalonan,Lynna Flacknoe,,2983-7074,12:52 AM,TRUE,40
964,30,6980,2/21/2023,Malalag,Jacinda Bortol,5825-3305,4407-3258,10:50 AM,TRUE,10
965,30,9765,2/21/2023,Davao,Orv Pedrocco,4202-9399,2079-4148,12:13 AM,FALSE,10
966,20,1199,2/22/2023,Compostela,North Aubrey,,6831-5020,8:24 PM,FALSE,40
967,30,6136,2/22/2023,Maluko,Nikolos Challiner,2234-4016,0733-9014,2:36 AM,TRUE,10
968,20,8122,2/23/2023,Butubut Norte,Germain Redholls,,9672-1985,5:59 PM,TRUE,40
969,30,6929,2/24/2023,Don Carlos,Zelma Luxton,,0532-0411,6:38 PM,TRUE,40
970,10,7562,2/26/2023,,Clemmy Fredson,,5756-3794,11:38 AM,TRUE,30
971,30,3699,2/28/2023,Calanogas,Demetris Sommerling,,0379-0262,8:50 PM,TRUE,30
972,20,2503,2/28/2023,Lanas,Eugenia Going,,5819-7880,5:56 PM,FALSE,20
973,30,5664,3/1/2023,Mayapusi,Jayme Alyonov,,0743-9117,4:29 AM,TRUE,20
974,10,9824,3/2/2023,,Brnaba Terran,,6733-2720,8:06 PM,TRUE,30
975,20,6760,3/2/2023,Payao,Bessie Jobb,,0861-8868,7:31 AM,TRUE,30
976,20,2647,3/3/2023,Santa Rita Aplaya,Nell Pele,,5210-1969,2:57 PM,TRUE,30
977,30,5985,3/4/2023,Cabanbanan,Tomaso Grolmann,,0896-7060,1:55 PM,TRUE,20
978,10,4684,3/4/2023,,Jessalyn Van Arsdall,,4462-8375,10:02 AM,TRUE,40
979,20,6573,3/5/2023,Mauhao,Waverley Orpwood,,3694-0417,5:34 PM,TRUE,20
980,10,2370,3/6/2023,,Teresita Figurski,6121-7287,9559-3571,12:05 AM,TRUE,10
981,30,3904,3/6/2023,Sionogan,Nathalie Huebner,,8801-5863,11:25 PM,TRUE,30
982,20,8757,3/6/2023,Polo,Tierney Milmore,,2434-5899,6:20 AM,TRUE,40
983,10,7990,3/6/2023,,Drona Megarrell,,3017-9324,10:17 AM,FALSE,20
984,30,5327,3/6/2023,Dobdoban,Melantha Leitch,,5206-8913,11:16 PM,TRUE,30
985,20,3693,3/7/2023,Llorente,Arlee Lackie,,1590-5569,1:34 AM,FALSE,30
986,20,5100,3/7/2023,Talakag,Allin Grinsted,,8437-7069,7:00 PM,FALSE,40
987,20,6373,3/7/2023,Apoya,Lindy Allard,,2061-9168,1:19 PM,FALSE,20
988,10,2635,3/8/2023,,Angil Pitcher,,2354-1789,5:02 PM,FALSE,30
989,20,591,3/8/2023,Bato,Mariam Biesinger,,1372-8437,12:03 PM,FALSE,20
990,10,482,3/9/2023,,Judy MacGeaney,,5962-9423,7:16 AM,TRUE,30
991,10,4095,3/10/2023,,Jodie Naismith,,8849-6851,9:32 PM,FALSE,30
992,30,1788,3/11/2023,Robonkon,Charlot Stovine,,1740-6743,8:12 PM,FALSE,20
993,20,5860,3/12/2023,Tiwi,Keslie Ealden,,4999-8325,12:17 AM,TRUE,30
994,20,1082,3/13/2023,Santa Justina,Melantha Leitch,1043-5797,5206-8913,4:42 AM,FALSE,10
995,20,6743,3/13/2023,Salinas,Mari Stavers,5888-0444,8739-4042,1:12 PM,TRUE,10
996,30,9458,3/14/2023,Ajuy,Eolanda Gammage,0131-3684,1462-9105,8:40 PM,FALSE,10
997,20,234,3/15/2023,Polloc,Clemmy Fredson,,5756-3794,2:48 PM,TRUE,20
998,20,1032,3/15/2023,Kalibo (poblacion),Gerri Heigl,,0467-2119,11:50 PM,FALSE,40
999,20,7811,3/16/2023,Buenavista,Neely Besson,4590-1802,6505-3594,11:52 PM,TRUE,10
1000,20,1171,3/17/2023,Castañas,Gabie Covendon,,3050-6178,9:11 AM,FALSE,20
